Country,Year,Population,Percent of Pop. Using Internet,Homicide Count per 100k,Homicide Rate per 100k,Pop. Change Indicator,Internet Use Change Indicator,Hom. Count Change Indicator,Hom. Rate Change Indicator,Avg. Change in Pop.,Avg. Change in Internet Use,Avg. Change in Hom. Count,Avg. Change in Hom. Rate,Region
Albania,2002,3051428.567,0.390081273,231,7.5,-1,1,1,1,-12683.06799999997,0.06428289600000003,23.0,0.7000000000000002,Europe
Albania,2003,3033658,0.971900415,144,4.6,-1,1,-1,-1,-17770.566999999806,0.5818191420000001,-87.0,-2.9000000000000004,Europe
Albania,2004,3014578,2.420387798,119,3.8,-1,1,-1,-1,-19080.0,1.4484873830000002,-25.0,-0.7999999999999998,Europe
Albania,2005,2992723.512,6.043890864,131,4.2,-1,1,1,1,-21854.487999999896,3.6235030659999996,12.0,0.40000000000000036,Europe
Albania,2006,2968027,9.609991316,87,2.8,-1,1,-1,-1,-24696.512000000104,3.5661004520000006,-44.0,-1.4000000000000004,Europe
Albania,2007,2940879.228,15.03611541,105,3.3,-1,1,1,1,-27147.77199999988,5.426124094,18.0,0.5,Europe
Albania,2008,2912559.007,23.86,93,2.9,-1,1,-1,-1,-28320.220999999903,8.823884589999999,-12.0,-0.3999999999999999,Europe
Albania,2009,2884301.048,41.2,85,2.7,-1,1,-1,-1,-28257.959000000264,17.340000000000003,-8.0,-0.19999999999999973,Europe
Albania,2010,2856672.173,45,127,4,-1,1,1,1,-27628.875,3.799999999999997,42.0,1.2999999999999998,Europe
Antigua and Barbuda,2001,76886,8.899285515,7,8.8,1,1,1,1,4576.0,2.4170597780000005,2.0,2.4000000000000004,Caribbean
Antigua and Barbuda,2002,78320,12.5,5,6.2,1,1,-1,-1,1434.0,3.6007144849999992,-2.0,-2.6000000000000005,Caribbean
Antigua and Barbuda,2003,79781,17.22864878,5,6.1,1,1,0,-1,1461.0,4.72864878,0.0,-0.10000000000000053,Caribbean
Antigua and Barbuda,2004,81270,24.26654372,4,4.8,1,1,-1,-1,1489.0,7.037894940000001,-1.0,-1.2999999999999998,Caribbean
Antigua and Barbuda,2005,82786,27,3,3.6,1,1,-1,-1,1516.0,2.7334562799999986,-1.0,-1.1999999999999997,Caribbean
Argentina,2000,37032000,7.038683086,2653,7.2,1,1,-1,-1,452708.6,1.3904812009999998,-14.0,-0.11999999999999993,South America
Argentina,2001,36260130,9.780807285,3048,8.2,-1,1,1,1,-771870.0,2.742124199,395.0,0.9999999999999991,South America
Argentina,2003,37869730,11.91369655,2876,7.6,1,1,-1,-1,804800.0,1.0664446324999997,-86.0,-0.2999999999999998,South America
Argentina,2004,38226051,16.03668411,2259,5.9,1,1,-1,-1,356321.0,4.12298756,-617.0,-1.6999999999999993,South America
Argentina,2005,38592150,17.72058337,2115,5.5,1,1,-1,-1,366099.0,1.6838992600000005,-144.0,-0.40000000000000036,South America
Argentina,2006,38970611,20.9272021,2052,5.3,1,1,-1,-1,378461.0,3.206618729999999,-63.0,-0.20000000000000018,South America
Argentina,2007,39356383,25.94663294,2071,5.3,1,1,1,0,385772.0,5.019430840000002,19.0,0.0,South America
Argentina,2009,40134425,34,1360,3.4,1,1,-1,-1,389021.0,4.02668353,-355.5,-0.95,South America
Armenia,1997,3785982,0.111650935,100,3.2,1,1,-1,-1,13016.0,0.029453906000000002,-8.0,-0.19999999999999996,Asia
Armenia,1998,3794735,0.128659478,93,3,1,1,-1,-1,8753.0,0.017008542999999987,-7.0,-0.20000000000000018,Asia
Armenia,1999,3800817,0.970737757,90,2.9,1,1,-1,-1,6082.0,0.842078279,-3.0,-0.10000000000000009,Asia
Armenia,2000,3802883,1.300470022,91,3,1,1,1,1,2066.0,0.3297322650000001,1.0,0.10000000000000009,Asia
Armenia,2001,3213011,1.631094667,88,2.9,-1,1,-1,-1,-589872.0,0.3306246449999999,-3.0,-0.10000000000000009,Asia
Armenia,2003,3211267,4.575217225,66,2.2,-1,1,-1,-1,-872.0,1.472061279,-11.0,-0.34999999999999987,Asia
Armenia,2004,3214030,4.899008571,83,2.7,1,1,1,1,2763.0,0.32379134600000015,17.0,0.5,Asia
Armenia,2005,3217534,5.252983352,58,1.9,1,1,-1,-1,3504.0,0.3539747809999998,-25.0,-0.8000000000000003,Asia
Armenia,2006,3221093.5,5.631787777,79,2.6,1,1,1,1,3559.5,0.3788044250000002,21.0,0.7000000000000002,Asia
Armenia,2007,3226520,6.021253397,77,2.5,1,1,-1,-1,5426.5,0.3894656199999993,-2.0,-0.10000000000000009,Asia
Armenia,2008,3234031,6.21,83,2.7,1,1,1,1,7511.0,0.18874660300000023,6.0,0.20000000000000018,Asia
Armenia,2009,3243729,15.3,83,2.7,1,1,0,0,9698.0,9.09,0.0,0.0,Asia
Armenia,2010,3249482,25,44,1.4,1,1,-1,-1,11506.0,9.7,-39.0,-1.3000000000000003,Asia
Australia,1996,17892423,3.27524987,312,1.7,-1,1,-1,-1,-161566.0,0.515595357,-14.0,-0.10000000000000009,Oceania
Australia,1997,18517564,16.36935838,321,1.7,1,1,1,0,206850.0,13.094108510000002,9.0,0.0,Oceania
Australia,1998,18750982,30.81323944,285,1.5,1,1,-1,-1,233418.0,14.443881059999999,-36.0,-0.19999999999999996,Oceania
Australia,1999,18925855,40.7837839,343,1.8,1,1,1,1,174873.0,9.970544460000003,58.0,0.30000000000000004,Oceania
Australia,2000,19157037,46.75611561,302,1.6,1,1,-1,-1,231182.0,5.972331709999999,-41.0,-0.19999999999999996,Oceania
Australia,2001,18769249,52.68926643,310,1.6,-1,1,1,0,-387788.0,5.933150820000002,8.0,0.0,Oceania
Australia,2006,19855287,66,281,1.4,1,1,-1,-1,93724.8,2.6621467139999995,-5.8,-0.040000000000000036,Oceania
Australia,2007,21017222,69.45,255,1.2,1,1,-1,-1,315734.0,3.450000000000003,-26.0,-0.19999999999999996,Oceania
Australia,2008,21498540,71.67,261,1.2,1,1,1,0,481318.0,2.219999999999999,6.0,0.0,Oceania
Australia,2009,21955256,74.25,263,1.2,1,1,1,0,456716.0,2.5799999999999983,2.0,0.0,Oceania
Australia,2010,22299775,76,229,1,1,1,-1,-1,344519.0,1.75,-34.0,-0.19999999999999996,Oceania
Austria,1996,8059385,6.909162353,99,1.2,1,1,1,1,12850.0,5.018951829000001,17.0,0.19999999999999996,Europe
Austria,1997,8072182,9.533974317,66,0.8,1,1,-1,-1,12797.0,2.624811964,-33.0,-0.3999999999999999,Europe
Austria,1998,8078449,15.42121932,77,1,1,1,1,1,6267.0,5.887245003,11.0,0.19999999999999996,Europe
Austria,1999,8092254,23.0443171,60,0.8,1,1,-1,-1,13805.0,7.62309778,-17.0,-0.19999999999999996,Europe
Austria,2000,8110244,33.73013295,82,1,1,1,1,1,17990.0,10.685815849999997,22.0,0.19999999999999996,Europe
Austria,2001,8032926,39.18545018,70,0.9,-1,1,-1,-1,-77318.0,5.455317229999999,-12.0,-0.09999999999999998,Europe
Austria,2002,8082121,36.56,65,0.8,1,-1,-1,-1,39828.0,-2.6254501799999943,-5.0,-0.09999999999999998,Europe
Austria,2003,8118245,42.7,50,0.6,1,1,-1,-1,36124.0,6.140000000000001,-15.0,-0.20000000000000007,Europe
Austria,2004,8169441,54.28,59,0.7,1,1,1,1,51196.0,11.579999999999998,9.0,0.09999999999999998,Europe
Austria,2005,8225278,58,54,0.7,1,1,-1,0,55837.0,3.719999999999999,-5.0,0.0,Europe
Austria,2006,8267948,63.6,61,0.7,1,1,1,0,42670.0,5.600000000000001,7.0,0.0,Europe
Austria,2007,8298923,69.37,45,0.5,1,1,-1,-1,30975.0,5.770000000000003,-16.0,-0.19999999999999996,Europe
Austria,2008,8331930,72.87,45,0.5,1,1,0,0,30976.0,3.5,0.0,0.0,Europe
Austria,2009,8355260,73.45,43,0.5,1,1,-1,0,18711.0,0.5799999999999983,-2.0,0.0,Europe
Austria,2010,8375290,75.17,53,0.6,1,1,1,1,10015.0,1.7199999999999989,10.0,0.09999999999999998,Europe
Azerbaijan,2008,8680100,17.08,192,2.1,1,1,1,0,98800.0,2.539999999999999,3.0,0.0,Asia
Azerbaijan,2010,8997586,46,206,2.2,1,1,1,1,158743.0,14.46,7.0,0.050000000000000044,Asia
Bahamas,2007,334000,27,78,23.7,1,1,1,-1,4341.285714285715,2.7142857142857144,0.5714285714285714,-0.17142857142857132,Caribbean
Bahamas,2008,338280,31.54,72,21.6,1,1,-1,-1,4280.0,4.539999999999999,-6.0,-2.099999999999998,Caribbean
Bahamas,2009,342400,33.88,87,25.7,1,1,1,1,4120.0,2.3400000000000034,15.0,4.099999999999998,Caribbean
Bahamas,2010,351461,43,94,27.4,1,1,1,1,9061.0,9.119999999999997,7.0,1.6999999999999993,Caribbean
Bahrain,2008,1106508.752,51.95,6,0.6,1,1,1,1,67212.00900000008,19.040000000000006,2.0,0.19999999999999996,Middle East
Barbados,2010,277821,65.1,31,11.3,1,1,1,1,2781.1,6.1126321645,1.1,0.38000000000000006,Caribbean
Belarus,1997,10236127,0.049020891,1021,10,-1,1,1,1,-28261.0,0.019722596999999998,51.0,0.5,Europe
Belarus,1998,10203837,0.073868897,1036,10.2,-1,1,1,1,-32290.0,0.024848006000000006,15.0,0.1999999999999993,Europe
Belarus,1999,10045237,0.494881245,974,9.6,-1,1,-1,-1,-158600.0,0.42101234800000004,-62.0,-0.5999999999999996,Europe
Belarus,2000,10019480,1.860398126,1013,10.1,-1,1,1,1,-159641.0,1.365516881,39.0,0.5,Europe
Belarus,2002,9924766,8.950971315,989,9.9,-1,1,-1,-1,-47357.0,3.5452865945000003,-12.0,-0.09999999999999964,Europe
Belarus,2006,9732501,16.2,734,7.5,-1,1,-1,-1,-48066.25,1.8122571712499997,-63.75,-0.6000000000000001,Europe
Belarus,2007,9702116,19.7,649,6.7,-1,1,-1,-1,-30385.0,3.5,-85.0,-0.7999999999999998,Europe
Belarus,2008,9680841,23,541,5.6,-1,1,-1,-1,-21275.0,3.3000000000000007,-108.0,-1.1000000000000005,Europe
Belarus,2009,9503807,27.43,473,4.9,-1,1,-1,-1,-177034.0,4.43,-68.0,-0.6999999999999993,Europe
Belgium,2001,10296350,31.28839551,282,2.8,1,1,1,1,45100.0,1.85670382,67.0,0.6999999999999997,Europe
Belgium,2002,10332785,46.33,318,3.1,1,1,1,1,69371.0,15.041604489999997,36.0,0.30000000000000027,Europe
Belgium,2003,10355844,49.97,228,2.2,1,1,-1,-1,46119.0,3.6400000000000006,-90.0,-0.8999999999999999,Europe
Belgium,2004,10396421,53.86,265,2.6,1,1,1,1,40577.0,3.8900000000000006,37.0,0.3999999999999999,Europe
Belgium,2006,10511382,59.72,221,2.1,1,1,-1,-1,57480.5,2.9299999999999997,-22.0,-0.25,Europe
Belgium,2007,10622604,64.44,211,2,1,1,-1,-1,111222.0,4.719999999999999,-10.0,-0.10000000000000009,Europe
Belgium,2008,10666866,66,200,1.9,1,1,-1,-1,44262.0,1.5600000000000023,-11.0,-0.10000000000000009,Europe
Belgium,2009,10796493,70,186,1.7,1,1,-1,-1,129627.0,4.0,-14.0,-0.19999999999999996,Europe
Belgium,2010,10839905,75,180,1.7,1,1,-1,0,43412.0,5.0,-6.0,0.0,Europe
Bermuda,2001,62455,47.5096999,2,3.2,1,1,1,1,324.0,4.559839879999998,1.0,1.6,Caribbean
Bermuda,2002,62754,52.03159737,3,4.7,1,1,1,1,299.0,4.521897469999999,1.0,1.5,Caribbean
Bermuda,2003,63042,56.52201218,2,3.1,1,1,-1,-1,288.0,4.490414809999997,-1.0,-1.6,Caribbean
Bermuda,2004,63320,60.99086701,2,3.1,1,1,0,0,278.0,4.468854830000005,0.0,0.0,Caribbean
Bermuda,2005,63571,65.44706579,3,4.7,1,1,1,1,251.0,4.456198779999994,1.0,1.6,Caribbean
Bermuda,2006,63797,69.89965516,3,4.7,1,1,0,0,226.0,4.452589369999998,0.0,0.0,Caribbean
Bermuda,2007,64009,74.35059403,3,4.7,1,1,0,0,212.0,4.450938870000002,0.0,0.0,Caribbean
Bermuda,2008,64209,82.3,5,7.7,1,1,1,1,200.0,7.949405970000001,2.0,3.0,Caribbean
Bermuda,2009,64395,83.25,6,9.3,1,1,1,1,186.0,0.9500000000000028,1.0,1.6000000000000005,Caribbean
Bermuda,2010,64237,84.21,7,10.8,-1,1,1,1,-158.0,0.9599999999999937,1.0,1.5,Caribbean
Bermuda,2011,64722,88.336,8,12.3,1,1,1,1,156.0,4.126000000000005,1.0,1.5,Caribbean
Bosnia and Herzegovina,2009,3842566,37.74,67,1.8,1,1,1,1,301.0,3.0800000000000054,1.0,0.10000000000000009,Europe
Bosnia and Herzegovina,2010,3843126,42.75,56,1.5,1,1,-1,-1,560.0,5.009999999999998,-11.0,-0.30000000000000004,Europe
Bulgaria,1996,8340936,0.725251167,438,5.3,-1,1,-1,-1,-43779.0,0.605585618,-56.0,-0.6000000000000005,Europe
Bulgaria,1997,8312068,1.219813132,398,4.9,-1,1,-1,-1,-28868.0,0.49456196500000005,-40.0,-0.39999999999999947,Europe
Bulgaria,1998,8256786,1.844965121,381,4.7,-1,1,-1,-1,-55282.0,0.6251519889999999,-17.0,-0.20000000000000018,Europe
Bulgaria,1999,8210624,2.908154025,327,4.1,-1,1,-1,-1,-46162.0,1.063188904,-54.0,-0.6000000000000005,Europe
Bulgaria,2000,8170172,5.370923469,332,4.1,-1,1,1,0,-40452.0,2.462769444,5.0,0.0,Europe
Bulgaria,2001,7928901,7.612297749,308,3.9,-1,1,-1,-1,-241271.0,2.2413742799999996,-24.0,-0.19999999999999973,Europe
Bulgaria,2002,7868900,9.08,255,3.2,-1,1,-1,-1,-44401.0,1.4677022510000004,-53.0,-0.6999999999999997,Europe
Bulgaria,2003,7823557,12.04,247,3.2,-1,1,-1,0,-45343.0,2.959999999999999,-8.0,0.0,Europe
Bulgaria,2004,7781161,18.13,240,3.1,-1,1,-1,-1,-42396.0,6.09,-7.0,-0.10000000000000009,Europe
Bulgaria,2005,7739900,19.97,199,2.6,-1,1,-1,-1,-41261.0,1.8399999999999999,-41.0,-0.5,Europe
Bulgaria,2006,7699020,27.09,186,2.4,-1,1,-1,-1,-40880.0,7.120000000000001,-13.0,-0.20000000000000018,Europe
Bulgaria,2007,7572673,33.64,177,2.3,-1,1,-1,-1,-126347.0,6.550000000000001,-9.0,-0.10000000000000009,Europe
Bulgaria,2008,7518002,39.67,172,2.3,-1,1,-1,0,-54671.0,6.030000000000001,-5.0,0.0,Europe
Bulgaria,2009,7467119,45,150,2,-1,1,-1,-1,-50883.0,5.329999999999998,-22.0,-0.2999999999999998,Europe
Bulgaria,2010,7421766,46.23,147,2,-1,1,-1,0,-45353.0,1.2299999999999969,-3.0,0.0,Europe
Cambodia,2004,12824170,0.300436644,511,3.9,1,1,-1,-1,231085.66666666666,0.047351943,-47.0,-0.44999999999999996,Asia
Canada,1996,28846760,6.76023965,635,2.1,-1,1,1,1,-768565.0,2.5967143969999995,47.0,0.10000000000000009,North America
Canada,1997,30010974,15.07235736,586,2,1,1,-1,-1,339082.0,8.312117709999999,-49.0,-0.10000000000000009,North America
Canada,1998,30301185,24.8974003,558,1.9,1,1,-1,-1,290211.0,9.825042940000001,-28.0,-0.10000000000000009,North America
Canada,2001,30007090,60.2,553,1.8,-1,1,-1,-1,-98031.66666666667,11.767533233333333,-1.6666666666666667,-0.03333333333333329,North America
Canada,2002,31413990,61.59329927,582,1.9,1,1,1,1,1406900.0,1.39329927,29.0,0.09999999999999987,North America
Canada,2003,31629677,64.2,549,1.7,1,1,-1,-1,215687.0,2.60670073,-33.0,-0.19999999999999996,North America
Canada,2004,31946316,65.95596346,624,2,1,1,1,1,316639.0,1.7559634600000038,75.0,0.30000000000000004,North America
Canada,2005,32270507,71.66,663,2.1,1,1,1,1,324191.0,5.70403653999999,39.0,0.10000000000000009,North America
Canada,2006,31612895,72.4,606,1.9,-1,1,-1,-1,-657612.0,0.7400000000000091,-57.0,-0.20000000000000018,North America
Canada,2007,32976026,73.2,594,1.8,1,1,-1,-1,352536.0,0.7999999999999972,-12.0,-0.09999999999999987,North America
Canada,2008,33311389,76.7,611,1.8,1,1,1,0,335363.0,3.5,17.0,0.0,North America
Canada,2009,33720184,80.3,610,1.8,1,1,-1,0,408795.0,3.5999999999999943,-1.0,0.0,North America
Canada,2010,34126181,80.3,554,1.6,1,0,-1,-1,405997.0,0.0,-56.0,-0.19999999999999996,North America
Cayman Islands,2008,57009,61,5,8.4,1,1,1,1,2508.5,8.25,2.0,3.1,Caribbean
Chile,2006,16432674,34.49775117,590,3.6,1,1,1,1,165396.0,3.3224041399999997,14.0,0.10000000000000009,South America
Chile,2007,16598074,35.9,616,3.7,1,1,1,1,165400.0,1.4022488299999978,26.0,0.10000000000000009,South America
Chile,2008,16763470,37.3,588,3.5,1,1,-1,-1,165396.0,1.3999999999999986,-28.0,-0.20000000000000018,South America
Chile,2009,16928873,41.56,630,3.7,1,1,1,1,165403.0,4.260000000000005,42.0,0.20000000000000018,South America
Chile,2010,17094275,45,541,3.2,1,1,-1,-1,165402.0,3.4399999999999977,-89.0,-0.5,South America
Costa Rica,1996,3202440,0.84105704,189,5.3,1,1,1,0,66420.0,0.424227834,5.0,0.0,South America
Costa Rica,1997,3270700,1.640221288,210,5.8,1,1,1,1,68260.0,0.799164248,21.0,0.5,South America
Costa Rica,1998,3340909,2.666378698,224,6,1,1,1,1,70209.0,1.02615741,14.0,0.20000000000000018,South America
Costa Rica,1999,3837658,3.904323257,245,6.4,1,1,1,1,496749.0,1.2379445590000002,21.0,0.40000000000000036,South America
Costa Rica,2000,3810179,5.800253023,249,6.4,-1,1,1,0,-27479.0,1.8959297659999996,4.0,0.0,South America
Costa Rica,2001,4008267,9.559482135,257,6.4,1,1,1,0,198088.0,3.759229112,8.0,0.0,South America
Costa Rica,2002,4089550,19.89485113,258,6.3,1,1,1,-1,81283.0,10.335368995,1.0,-0.10000000000000053,South America
Costa Rica,2003,4088773,20.33361481,300,7.2,-1,1,1,1,-777.0,0.438763680000001,42.0,0.9000000000000004,South America
Costa Rica,2004,4248481,20.79230671,280,6.6,1,1,-1,-1,159708.0,0.45869189999999804,-20.0,-0.6000000000000005,South America
Costa Rica,2005,4325808,22.07,335,7.8,1,1,1,1,77327.0,1.277693290000002,55.0,1.2000000000000002,South America
Costa Rica,2006,4353843,25.1,351,8,1,1,1,1,28035.0,3.030000000000001,16.0,0.20000000000000018,South America
Costa Rica,2007,4443100,28.4,369,8.3,1,1,1,1,89257.0,3.299999999999997,18.0,0.3000000000000007,South America
Costa Rica,2008,4451205,32.29,512,11.3,1,1,1,1,8105.0,3.8900000000000006,143.0,3.0,South America
Costa Rica,2009,4509290,34.33,525,11.4,1,1,1,1,58085.0,2.039999999999999,13.0,0.09999999999999964,South America
Costa Rica,2010,4563539,36.5,527,11.3,1,1,1,-1,54249.0,2.1700000000000017,2.0,-0.09999999999999964,South America
Croatia,1996,4493581,0.858982368,122,2.6,-1,1,-1,-1,-282431.0,0.34495377800000004,-44.0,-1.0,Europe
Croatia,1997,4572474,1.729609312,118,2.6,1,1,-1,0,78893.0,0.870626944,-4.0,0.0,Europe
Croatia,1998,4501149,3.273220279,131,2.9,-1,1,1,1,-71325.0,1.5436109669999998,13.0,0.2999999999999998,Europe
Croatia,1999,4553769,4.405359119,121,2.7,1,1,-1,-1,52620.0,1.13213884,-10.0,-0.19999999999999973,Europe
Croatia,2000,4502499,6.644882544,111,2.5,-1,1,-1,-1,-51270.0,2.239523425,-10.0,-0.20000000000000018,Europe
Croatia,2001,4437460,11.55857318,83,1.9,-1,1,-1,-1,-65039.0,4.913690636,-28.0,-0.6000000000000001,Europe
Croatia,2002,4305494,17.76,80,1.8,1,1,-1,-1,10088.0,6.201426820000002,-3.0,-0.09999999999999987,Europe
Croatia,2003,4305384,22.75,69,1.5,-1,1,-1,-1,-110.0,4.989999999999998,-11.0,-0.30000000000000004,Europe
Croatia,2004,4305725,30.91,83,1.9,1,1,1,1,341.0,8.16,14.0,0.3999999999999999,Europe
Croatia,2005,4310861,33.14,68,1.5,1,1,-1,-1,5136.0,2.2300000000000004,-15.0,-0.3999999999999999,Europe
Croatia,2006,4312487,37.98,74,1.7,1,1,1,1,1626.0,4.839999999999996,6.0,0.19999999999999996,Europe
Croatia,2007,4313530,41.44,62,1.4,1,1,-1,-1,1043.0,3.460000000000001,-12.0,-0.30000000000000004,Europe
Croatia,2008,4311967,44.24,71,1.6,-1,1,1,1,-1563.0,2.8000000000000043,9.0,0.20000000000000018,Europe
Croatia,2009,4309796,50.58,49,1.1,-1,1,-1,-1,-2171.0,6.339999999999996,-22.0,-0.5,Europe
Croatia,2010,4302847,56.55,62,1.4,-1,1,1,1,-6949.0,5.969999999999999,13.0,0.2999999999999998,Europe
Cuba,2003,11215229,5.241269054,639,5.7,-1,1,-1,-1,-35750.0,1.4706840159999999,-20.0,-0.20000000000000018,Caribbean
Cuba,2004,11235687,8.407984759,663,5.9,1,1,1,1,20458.0,3.1667157049999997,24.0,0.20000000000000018,Caribbean
Cuba,2005,11242519,9.738062208,687,6.1,1,1,1,1,6832.0,1.330077449000001,24.0,0.1999999999999993,Caribbean
Cuba,2006,11241440,11.15960131,575,5.1,-1,1,-1,-1,-1079.0,1.4215391019999988,-112.0,-1.0,Caribbean
Cuba,2007,11237916,11.69,563,5,-1,1,-1,-1,-3524.0,0.5303986900000002,-12.0,-0.09999999999999964,Caribbean
Cuba,2008,11236444,12.94,518,4.6,-1,1,-1,-1,-1472.0,1.25,-45.0,-0.40000000000000036,Caribbean
Cuba,2009,11239363,14.33,563,5,1,1,1,1,2919.0,1.3900000000000006,45.0,0.40000000000000036,Caribbean
Czech Republic,1996,10309137,1.940378193,173,1.7,-1,1,-1,0,-12207.0,0.48680235299999985,-3.0,0.0,Europe
Czech Republic,1997,10299125,2.915698695,187,1.8,-1,1,1,1,-10012.0,0.9753205020000002,14.0,0.10000000000000009,Europe
Czech Republic,1998,10289621,3.895906065,174,1.7,-1,1,-1,-1,-9504.0,0.98020737,-13.0,-0.10000000000000009,Europe
Czech Republic,1999,10278098,6.832802018,172,1.7,-1,1,-1,0,-16845.0,2.9368959529999996,-2.0,0.0,Europe
Czech Republic,2000,10266546,9.780527888,174,1.7,-1,1,1,0,-16238.0,2.94772587,2.0,0.0,Europe
Czech Republic,2001,10230060,14.69717212,234,2.3,-1,1,1,1,-36486.0,4.9166442319999994,60.0,0.5999999999999999,Europe
Czech Republic,2002,10201182,23.93,234,2.3,-1,1,0,0,-30845.0,9.23282788,0.0,0.0,Europe
Czech Republic,2003,10192649,34.3,232,2.3,-1,1,-1,0,-8533.0,10.369999999999997,-2.0,0.0,Europe
Czech Republic,2004,10195347,35.5,227,2.2,1,1,-1,-1,2698.0,1.2000000000000028,-5.0,-0.09999999999999964,Europe
Czech Republic,2005,10198855,35.27,186,1.8,1,-1,-1,-1,3508.0,-0.22999999999999687,-41.0,-0.40000000000000013,Europe
Czech Republic,2006,10223577,47.93,231,2.3,1,1,1,1,24722.0,12.659999999999997,45.0,0.4999999999999998,Europe
Czech Republic,2007,10254233,51.93,196,1.9,1,1,-1,-1,30656.0,4.0,-35.0,-0.3999999999999999,Europe
Czech Republic,2008,10343422,62.97,202,1.9,1,1,1,0,89189.0,11.04,6.0,0.0,Europe
Czech Republic,2009,10425783,64.43,181,1.7,1,1,-1,-1,82361.0,1.460000000000008,-21.0,-0.19999999999999996,Europe
Denmark,1996,5261503,5.714987841,69,1.3,1,1,1,1,33641.0,1.889331421,9.0,0.19999999999999996,Europe
Denmark,1997,5284220,11.38200494,88,1.7,1,1,1,1,22717.0,5.667017099,19.0,0.3999999999999999,Europe
Denmark,1998,5301304,22.66874615,49,0.9,1,1,-1,-1,17084.0,11.28674121,-39.0,-0.7999999999999999,Europe
Denmark,1999,5319111,30.59204065,52,1,1,1,1,1,17807.0,7.923294500000001,3.0,0.09999999999999998,Europe
Denmark,2000,5337344,39.17243086,58,1.1,1,1,1,1,18233.0,8.580390209999997,6.0,0.10000000000000009,Europe
Denmark,2001,5358783,42.95752472,52,1,1,1,-1,-1,21439.0,3.7850938600000035,-6.0,-0.10000000000000009,Europe
Denmark,2002,5375930.5,64.25,56,1,1,1,1,0,17147.5,21.292475279999998,4.0,0.0,Europe
Denmark,2003,5390574,76.26,65,1.2,1,1,1,1,14643.5,12.010000000000005,9.0,0.19999999999999996,Europe
Denmark,2004,5401177,80.93,43,0.8,1,1,-1,-1,10603.0,4.670000000000002,-22.0,-0.3999999999999999,Europe
Denmark,2005,5415978,82.74,53,1,1,1,1,1,14801.0,1.809999999999988,10.0,0.19999999999999996,Europe
Denmark,2006,5434567,86.65,29,0.5,1,1,-1,-1,18589.0,3.910000000000011,-24.0,-0.5,Europe
Denmark,2007,5457415,85.03,39,0.7,1,-1,1,1,22848.0,-1.6200000000000045,10.0,0.19999999999999996,Europe
Denmark,2008,5489022,85.02,54,1,1,-1,1,1,41938.0,-0.010000000000005116,15.0,0.30000000000000004,Europe
Denmark,2009,5519441,86.84,47,0.9,1,1,-1,-1,43650.0,1.8200000000000074,-7.0,-0.09999999999999998,Europe
Dominica,2006,71180,39.3981743,5,7.3,1,1,1,1,509.0,5.230589252,0.8,1.1800000000000002,Caribbean
El Salvador,1999,6154311,0.845428741,3845,65,1,1,-1,-1,122985.0,0.42017506899999996,-1739.0,-30.0,South America
El Salvador,2000,6276037,1.177397269,3551,59.8,1,1,-1,-1,121726.0,0.3319685280000001,-294.0,-5.200000000000003,South America
El Salvador,2002,6517798,1.9,2835,47.3,1,1,-1,-1,120880.5,0.3613013654999999,-358.0,-6.25,South America
El Salvador,2003,6638168,2.5,3356,55.9,1,1,1,1,120370.0,0.6000000000000001,521.0,8.600000000000001,South America
El Salvador,2005,6049412,4.2,3778,62.4,-1,1,1,1,-294378.0,0.8500000000000001,211.0,3.25,South America
El Salvador,2007,5744113,6.11,3497,57.3,-1,1,-1,-1,-152649.5,0.9550000000000001,-140.5,-2.5500000000000007,South America
El Salvador,2009,6152558,12.11,4349,70.6,1,1,1,1,204222.5,2.9999999999999996,426.0,6.649999999999999,South America
El Salvador,2010,6183002,15.9,4005,64.7,1,1,-1,-1,30444.0,3.790000000000001,-344.0,-5.8999999999999915,South America
El Salvador,2011,6216143,18.9,4308,69.2,1,1,1,1,33141.0,2.9999999999999982,303.0,4.5,South America
Estonia,1996,1469216,3.525111129,214,15.1,-1,1,-1,-1,-14726.0,0.74614264,-32.0,-2.0000000000000018,Europe
Estonia,1997,1457987,5.706276548,178,12.7,-1,1,-1,-1,-11229.0,2.181165419,-36.0,-2.4000000000000004,Europe
Estonia,1998,1449712,10.79603483,196,14.1,-1,1,1,1,-8275.0,5.089758282,18.0,1.4000000000000004,Europe
Estonia,1999,1442390,14.50089724,157,11.4,-1,1,-1,-1,-7322.0,3.7048624100000005,-39.0,-2.6999999999999993,Europe
Estonia,2000,1370052,28.57695381,143,10.4,-1,1,-1,-1,-72338.0,14.076056569999999,-14.0,-1.0,Europe
Estonia,2001,1392720,31.52748977,137,10.1,-1,1,-1,-1,-8530.0,2.95053596,-6.0,-0.3000000000000007,Europe
Estonia,2002,1383510,41.52,142,10.5,-1,1,1,1,-9210.0,9.992510230000004,5.0,0.40000000000000036,Europe
Estonia,2003,1375190,45.32,147,10.9,-1,1,1,1,-8320.0,3.799999999999997,5.0,0.40000000000000036,Europe
Estonia,2004,1366250,53.2,91,6.7,-1,1,-1,-1,-8940.0,7.880000000000003,-56.0,-4.2,Europe
Estonia,2005,1358850,61.45,113,8.4,-1,1,1,1,-7400.0,8.25,22.0,1.7000000000000002,Europe
Estonia,2006,1350700,63.51,91,6.8,-1,1,-1,-1,-8150.0,2.059999999999995,-22.0,-1.6000000000000005,Europe
Estonia,2007,1342920,66.19,93,6.9,-1,1,1,1,-7780.0,2.6799999999999997,2.0,0.10000000000000053,Europe
Estonia,2008,1338440,70.58,84,6.3,-1,1,-1,-1,-4480.0,4.390000000000001,-9.0,-0.6000000000000005,Europe
Estonia,2009,1335740,72.5,70,5.2,-1,1,-1,-1,-2700.0,1.9200000000000017,-14.0,-1.0999999999999996,Europe
Estonia,2010,1333290,74.1,70,5.2,-1,1,0,0,-2450.0,1.5999999999999943,0.0,0.0,Europe
Finland,1996,5124573,16.78007526,153,3,1,1,1,1,16783.0,2.8797713700000003,7.0,0.10000000000000009,Europe
Finland,1997,5139835,19.4586828,139,2.7,1,1,-1,-1,15262.0,2.678607539999998,-14.0,-0.2999999999999998,Europe
Finland,1998,5153497,25.45252493,113,2.2,1,1,-1,-1,13662.0,5.993842130000001,-26.0,-0.5,Europe
Finland,1999,5165474,32.29509229,143,2.8,1,1,1,1,11977.0,6.84256736,30.0,0.5999999999999996,Europe
Finland,2000,5181115,37.24846174,148,2.9,1,1,1,1,15641.0,4.953369450000004,5.0,0.10000000000000009,Europe
Finland,2001,5188008,43.10536335,156,3,1,1,1,1,6893.0,5.856901609999994,8.0,0.10000000000000009,Europe
Finland,2002,5200598,62.43,132,2.5,1,1,-1,-1,12590.0,19.324636650000002,-24.0,-0.5,Europe
Finland,2003,5213013.5,69.22,103,2,1,1,-1,-1,12415.5,6.789999999999999,-29.0,-0.5,Europe
Finland,2004,5228171.5,72.39,148,2.8,1,1,1,1,15158.0,3.1700000000000017,45.0,0.7999999999999998,Europe
Finland,2005,5246095.5,74.48,119,2.3,1,1,-1,-1,17924.0,2.0900000000000034,-29.0,-0.5,Europe
Finland,2006,5266267.5,79.66,120,2.3,1,1,1,0,20172.0,5.179999999999993,1.0,0.0,Europe
Finland,2007,5288719.5,80.78,129,2.4,1,1,1,1,22452.0,1.1200000000000045,9.0,0.10000000000000009,Europe
Finland,2008,5313399,83.67,133,2.5,1,1,1,1,24679.5,2.8900000000000006,4.0,0.10000000000000009,Europe
Finland,2009,5326314,82.49,121,2.3,1,-1,-1,-1,12915.0,-1.1800000000000068,-12.0,-0.20000000000000018,Europe
Finland,2010,5375276,86.89,118,2.2,1,1,-1,-1,64000.5,4.400000000000006,-3.0,-0.09999999999999964,Europe
France,1997,58493880,4.255003872,963,1.7,1,1,-1,-1,228528.0,1.6709698929999997,-208.0,-0.30000000000000004,Europe
France,1998,58852621,6.319778722,961,1.6,1,1,-1,-1,358741.0,2.06477485,-2.0,-0.09999999999999987,Europe
France,1999,60187205,9.125317889,953,1.6,1,1,-1,0,1334584.0,2.805539167,-8.0,0.0,Europe
France,2000,59225683,14.30792394,1051,1.8,1,1,1,1,258849.0,5.1826060510000005,98.0,0.19999999999999996,Europe
France,2001,59192597,26.32590355,1046,1.8,-1,1,-1,0,-33086.0,12.01797961,-5.0,0.0,Europe
France,2002,59488757,30.18,1119,1.9,1,1,1,1,296160.0,3.85409645,73.0,0.09999999999999987,Europe
France,2003,60027912,36.14,987,1.6,1,1,-1,-1,539155.0,5.960000000000001,-132.0,-0.2999999999999998,Europe
France,2004,60521142,39.15,990,1.6,1,1,1,0,493230.0,3.009999999999998,3.0,0.0,Europe
France,2005,61181403,42.87,976,1.6,1,1,-1,0,660261.0,3.719999999999999,-14.0,0.0,Europe
France,2006,61352572,46.87,879,1.4,1,1,-1,-1,171169.0,4.0,-97.0,-0.20000000000000018,Europe
France,2007,61538322,66.09,826,1.3,1,1,-1,-1,185750.0,19.220000000000006,-53.0,-0.09999999999999987,Europe
France,2008,62134866,70.68,839,1.4,1,1,1,1,596544.0,4.590000000000003,13.0,0.09999999999999987,Europe
France,2009,62473779,71.58,682,1.1,1,1,-1,-1,338913.0,0.8999999999999915,-157.0,-0.2999999999999998,Europe
French Guiana,2005,199206,20.79331445,45,22.3,1,1,-1,-1,6039.0,1.2949358900000014,-13.0,-7.5,South America
French Guiana,2006,205954,22.06425495,42,20.1,1,1,-1,-1,6748.0,1.2709404999999983,-3.0,-2.1999999999999993,South America
French Guiana,2007,213500,23.31393614,28,13.1,1,1,-1,-1,7546.0,1.2496811900000004,-14.0,-7.000000000000002,South America
French Guiana,2008,219266,24.53441406,32,14.6,1,1,1,1,5766.0,1.2204779200000004,4.0,1.5,South America
French Guiana,2009,224469,25.70340925,30,13.3,1,1,-1,-1,5203.0,1.1689951900000004,-2.0,-1.299999999999999,South America
Georgia,1996,5375100,0.040065419,270,5.4,-1,1,-1,-1,-15800.0,0.028228534,-121.0,-2.3,Asia
Georgia,1998,5394900,0.102830957,243,5,1,1,-1,-1,9900.0,0.031382769000000005,-13.5,-0.20000000000000018,Asia
Georgia,1999,5402100,0.416343567,244,5.1,1,1,1,1,7200.0,0.31351261,1.0,0.09999999999999964,Asia
Georgia,2000,4945553,0.484746299,239,5,-1,1,-1,-1,-456547.0,0.06840273199999997,-5.0,-0.09999999999999964,Asia
Georgia,2002,4371535,1.58787563,292,6.3,-1,1,1,1,-287009.0,0.5515646655,26.5,0.6499999999999999,Asia
Georgia,2003,4328900,2.558816481,302,6.6,-1,1,1,1,-42635.0,0.9709408509999999,10.0,0.2999999999999998,Asia
Georgia,2004,4318350,3.886221354,281,6.2,-1,1,-1,-1,-10550.0,1.3274048729999999,-21.0,-0.39999999999999947,Asia
Georgia,2005,4361400,6.079457629,403,9,1,1,1,1,43050.0,2.1932362750000003,122.0,2.8,Asia
Georgia,2006,4398000,7.526876845,323,7.3,1,1,-1,-1,36600.0,1.4474192160000001,-80.0,-1.7000000000000002,Asia
Georgia,2007,4388400,8.26,330,7.5,-1,1,1,1,-9600.0,0.7331231549999995,7.0,0.20000000000000018,Asia
Georgia,2008,4383800,10.01,263,6,-1,1,-1,-1,-4600.0,1.75,-67.0,-1.5,Asia
Georgia,2009,4385429,20.07,210,4.8,1,1,-1,-1,1629.0,10.06,-53.0,-1.2000000000000002,Asia
Georgia,2010,4452800,26.9,187,4.3,1,1,-1,-1,67371.0,6.829999999999998,-23.0,-0.5,Asia
Germany,1996,81895637,3.054805234,1249,1.5,1,1,-1,-1,234672.0,1.2170674799999999,-123.0,-0.19999999999999996,Europe
Germany,1997,82051698,6.711087477,1178,1.4,1,1,-1,-1,39536.0,3.6562822430000006,-71.0,-0.10000000000000009,Europe
Germany,1998,82028947,9.877852428,975,1.2,-1,1,-1,-1,-28432.0,3.166764951,-203.0,-0.19999999999999996,Europe
Germany,1999,82086582,20.84598264,1005,1.2,1,1,1,0,57635.0,10.968130211999998,30.0,0.0,Europe
Germany,2000,82187614,30.2163466,1015,1.2,1,1,1,0,101032.0,9.370363960000002,10.0,0.0,Europe
Germany,2001,82339429,31.65093942,925,1.1,1,1,-1,-1,151815.0,1.4345928199999989,-90.0,-0.09999999999999987,Europe
Germany,2002,82482309,48.82,955,1.2,1,1,1,1,142880.0,17.16906058,30.0,0.09999999999999987,Europe
Germany,2003,82534175.5,55.9,859,1,1,1,-1,-1,51866.5,7.079999999999998,-96.0,-0.19999999999999996,Europe
Germany,2004,82501274,64.73,868,1.1,-1,1,1,1,-32901.5,8.830000000000005,9.0,0.10000000000000009,Europe
Germany,2006,82365810,72.16,808,1,-1,1,-1,-1,-67732.0,3.7149999999999963,-30.0,-0.050000000000000044,Europe
Germany,2007,82266371.5,75.16,757,0.9,-1,1,-1,-1,-99438.5,3.0,-51.0,-0.09999999999999998,Europe
Germany,2008,82217837,78,722,0.9,-1,1,-1,0,-48534.5,2.8400000000000034,-35.0,0.0,Europe
Germany,2009,82002356,79,706,0.9,-1,1,-1,0,-215481.0,1.0,-16.0,0.0,Europe
Germany,2010,81802257,82,690,0.8,-1,1,-1,-1,-200099.0,3.0,-16.0,-0.09999999999999998,Europe
Greece,1996,10475878,1.395360779,169,1.6,1,1,1,1,21859.0,0.645744302,18.0,0.20000000000000018,Europe
Greece,1997,10498836,1.849634688,203,1.9,1,1,1,1,22958.0,0.4542739090000001,34.0,0.2999999999999998,Europe
Greece,1998,10516366,3.221821786,176,1.6,1,1,-1,-1,17530.0,1.372187098,-27.0,-0.2999999999999998,Europe
Greece,1999,10882607,6.877292144,155,1.4,1,1,-1,-1,366241.0,3.655470358,-21.0,-0.20000000000000018,Europe
Greece,2000,10917457,9.138837308,158,1.4,1,1,1,0,34850.0,2.2615451639999993,3.0,0.0,Europe
Greece,2001,10934097,10.93502581,139,1.3,1,1,-1,-1,16640.0,1.7961885020000015,-19.0,-0.09999999999999987,Europe
Greece,2002,10987559,14.67,108,1,1,1,-1,-1,52574.0,3.734974189999999,-31.0,-0.30000000000000004,Europe
Greece,2003,11023800,17.8,122,1.1,1,1,1,1,55258.0,3.130000000000001,14.0,0.10000000000000009,Europe
Greece,2004,11037745,21.42,109,1,1,1,-1,-1,38842.0,3.620000000000001,-13.0,-0.10000000000000009,Europe
Greece,2005,11103929,24,132,1.2,1,1,1,1,66184.0,2.5799999999999983,23.0,0.19999999999999996,Europe
Greece,2006,11148533,32.25,110,1,1,1,-1,-1,74820.0,8.25,-22.0,-0.19999999999999996,Europe
Greece,2007,11192849,35.88,128,1.1,1,1,1,1,80736.0,3.6300000000000026,18.0,0.10000000000000009,Europe
Greece,2008,11237093.5,38.2,139,1.2,1,1,1,1,93313.5,2.3200000000000003,11.0,0.09999999999999987,Europe
Greece,2009,11282751,42.4,143,1.3,1,1,1,1,100527.0,4.199999999999996,4.0,0.10000000000000009,Europe
Greece,2010,11183516,44.4,176,1.5,-1,1,1,1,-7138.0,2.0,33.0,0.19999999999999996,Europe
Greenland,1998,56076,14.65444717,6,10.7,1,1,-1,-1,105.0,6.699942488,-5.0,-9.0,Europe
Greenland,1999,56087,21.60261331,11,19.6,1,1,1,1,11.0,6.94816614,5.0,8.900000000000002,Europe
Greenland,2000,56184,31.74781123,13,23.1,1,1,1,1,97.0,10.145197920000001,2.0,3.5,Europe
Greenland,2001,56394,35.46413689,17,30.1,1,1,1,1,210.0,3.716325659999999,4.0,7.0,Europe
Greenland,2002,56609,44.15478903,12,21.2,1,1,-1,-1,215.0,8.690652140000005,-5.0,-8.900000000000002,Europe
Greenland,2003,56750,54.53425983,5,8.8,1,1,-1,-1,141.0,10.3794708,-7.0,-12.399999999999999,Europe
Greenland,2004,56912,56.09901476,11,19.3,1,1,1,1,162.0,1.5647549299999994,6.0,10.5,Europe
Greenland,2005,56969,57.7034045,10,17.5,1,1,-1,-1,57.0,1.604389739999995,-1.0,-1.8000000000000007,Europe
Greenland,2006,56775,59.36168727,10,17.5,-1,1,0,0,-160.0,1.6582827699999996,0.0,0.0,Europe
Greenland,2007,56648,61.07,2,3.5,-1,1,-1,-1,-127.0,1.708312730000003,-8.0,-14.0,Europe
Greenland,2009,56194,62.83,11,19.2,-1,1,1,1,-227.0,0.879999999999999,4.5,7.85,Europe
Guam,2001,156337,25.38022753,8,5.1,1,1,1,1,1532.0,9.26710049,6.0,3.8,Oceania
Guam,2002,157061,31.19229426,2,1.2,1,1,-1,-1,724.0,5.8120667300000015,-6.0,-3.8999999999999995,Oceania
Guam,2003,157579,33.71668179,8,4.9,1,1,1,1,518.0,2.524387530000002,6.0,3.7,Oceania
Guam,2004,158024,36.16178784,9,5.4,1,1,1,1,445.0,2.4451060499999997,1.0,0.5,Oceania
Guam,2005,158398,38.55987756,7,4.2,1,1,-1,-1,374.0,2.3980897199999944,-2.0,-1.2000000000000002,Oceania
Guam,2006,158711,43.851443,11,6.4,1,1,1,1,313.0,5.2915654400000065,4.0,2.2,Oceania
Guam,2007,158967,46.15047362,1,0.6,1,1,-1,-1,256.0,2.2990306199999964,-10.0,-5.800000000000001,Oceania
Guatemala,1998,10799132,0.466590444,3310,30.9,1,1,1,-1,59302.0,0.154530813,16.666666666666668,-0.5333333333333338,South America
Guatemala,1999,11088372,0.592652945,2655,24.2,1,1,-1,-1,289240.0,0.126062501,-655.0,-6.699999999999999,South America
Guatemala,2000,11385337,0.712332905,2904,25.8,1,1,1,1,296965.0,0.11967996000000003,249.0,1.6000000000000014,South America
Guatemala,2001,11678411,1.738201782,3230,28.1,1,1,1,1,293074.0,1.025868877,326.0,2.3000000000000007,South America
Guatemala,2005,12699780,5.7,5338,42,1,1,1,1,255342.25,0.9904495545,527.0,3.4749999999999996,South America
Guatemala,2010,14361666,10.5,5960,41.4,1,1,1,-1,332377.2,0.96,124.4,-0.12000000000000029,South America
Hungary,1996,10193371,0.969239536,271,2.6,-1,1,-1,-1,-35618.0,0.29175348200000006,-25.0,-0.2999999999999998,Europe
Hungary,1997,10154900,1.942449872,289,2.8,-1,1,1,1,-38471.0,0.9732103360000001,18.0,0.19999999999999973,Europe
Hungary,1998,10113574,3.894643278,289,2.8,-1,1,0,0,-41326.0,1.9521934060000001,0.0,0.0,Europe
Hungary,1999,10067507,5.857840749,253,2.5,-1,1,-1,-1,-46067.0,1.963197471,-36.0,-0.2999999999999998,Europe
Hungary,2000,10024222,6.999676351,205,2,-1,1,-1,-1,-43285.0,1.1418356019999996,-48.0,-0.5,Europe
Hungary,2001,10198315,14.5285543,254,2.5,1,1,1,1,174093.0,7.528877949,49.0,0.5,Europe
Hungary,2002,10158607.5,16.67,203,2,-1,1,-1,-1,-28968.0,2.141445700000002,-51.0,-0.5,Europe
Hungary,2003,10129552,21.63,236,2.3,-1,1,1,1,-29055.5,4.959999999999997,33.0,0.2999999999999998,Europe
Hungary,2004,10107145.5,27.74,209,2.1,-1,1,-1,-1,-22406.5,6.109999999999999,-27.0,-0.19999999999999973,Europe
Hungary,2005,10087065,38.97,164,1.6,-1,1,-1,-1,-20080.5,11.23,-45.0,-0.5,Europe
Hungary,2006,10071369.5,47.06,174,1.7,-1,1,1,1,-15695.5,8.090000000000003,10.0,0.09999999999999987,Europe
Hungary,2007,10055779.5,53.3,154,1.5,-1,1,-1,-1,-15590.0,6.239999999999995,-20.0,-0.19999999999999996,Europe
Hungary,2008,10038188,61,146,1.5,-1,1,-1,0,-17591.5,7.700000000000003,-8.0,0.0,Europe
Hungary,2009,10030975,62,139,1.4,-1,1,-1,-1,-7213.0,1.0,-7.0,-0.10000000000000009,Europe
Hungary,2010,10014324,65,133,1.3,-1,1,-1,-1,-8325.5,3.0,-6.0,-0.09999999999999987,Europe
Iceland,2000,281154,44.47053382,5,1.8,1,1,1,1,3972.0,3.175967110000002,3.0,1.1,Europe
Iceland,2001,284968,49.39299537,1,0.4,1,1,-1,-1,3814.0,4.922461550000001,-4.0,-1.4,Europe
Iceland,2002,287523,79.12,4,1.4,1,1,1,1,2555.0,29.727004630000003,3.0,0.9999999999999999,Europe
Iceland,2003,289272,83.14,0,0,1,1,-1,-1,1749.0,4.019999999999996,-4.0,-1.4,Europe
Iceland,2004,292073.5,83.88,3,1,1,1,1,1,2801.5,0.7399999999999949,3.0,1.0,Europe
Iceland,2005,295864,87,3,1,1,1,0,0,3790.5,3.1200000000000045,0.0,0.0,Europe
Iceland,2006,304334,89.51,0,0,1,1,-1,-1,8470.0,2.510000000000005,-3.0,-1.0,Europe
Iceland,2007,311396,90.6,2,0.7,1,1,1,1,7062.0,1.0899999999999892,2.0,0.7,Europe
Iceland,2008,319355,91,0,0,1,1,-1,-1,7959.0,0.4000000000000057,-2.0,-0.7,Europe
Iceland,2009,319368,93,1,0.3,1,1,1,1,13.0,2.0,1.0,0.3,Europe
Ireland,1996,3626087,2.199301832,42,1.2,1,1,-1,0,43856.0,1.0909155040000003,-1.0,0.0,Europe
Ireland,1997,3674269,4.08825507,38,1,1,1,-1,-1,48182.0,1.8889532379999996,-4.0,-0.19999999999999996,Europe
Ireland,1998,3704878,8.096010043,38,1,1,1,0,0,30609.0,4.007754973,0.0,0.0,Europe
Ireland,1999,3744658,10.93380859,38,1,1,1,0,0,39780.0,2.8377985470000002,0.0,0.0,Europe
Ireland,2000,3786931,17.85046724,37,1,1,1,-1,0,42273.0,6.9166586500000005,-1.0,0.0,Europe
Ireland,2001,3863018,23.13881219,52,1.3,1,1,1,1,76087.0,5.288344949999999,15.0,0.30000000000000004,Europe
Ireland,2002,3917203,25.85,52,1.3,1,1,0,0,54185.0,2.711187810000002,0.0,0.0,Europe
Ireland,2003,3995698.5,34.31,45,1.1,1,1,-1,-1,63942.5,8.46,-7.0,-0.19999999999999996,Europe
Ireland,2004,4043763,36.99,30,0.7,1,1,-1,-1,48064.5,2.6799999999999997,-15.0,-0.40000000000000013,Europe
Ireland,2005,4130722,41.61,52,1.3,1,1,1,1,86959.0,4.619999999999997,22.0,0.6000000000000001,Europe
Ireland,2006,4239848,54.82,62,1.5,1,1,1,1,109126.0,13.21,10.0,0.19999999999999996,Europe
Ireland,2007,4356931,61.15832455,77,1.8,1,1,1,1,122059.0,6.338324550000003,15.0,0.30000000000000004,Europe
Ireland,2008,4457765,65.34,50,1.1,1,1,-1,-1,117647.0,4.18167545,-27.0,-0.7,Europe
Ireland,2009,4458942,67.38,56,1.3,1,1,1,1,1177.0,2.039999999999992,6.0,0.19999999999999996,Europe
Ireland,2010,4549428,69.85,54,1.2,1,1,-1,-1,28106.0,2.469999999999999,-2.0,-0.10000000000000009,Europe
Israel,1996,5688900,2.1683676,117,2.1,1,1,1,0,144000.0,1.2379446299999999,5.0,0.0,Middle East
Israel,1997,5828900,4.399405482,156,2.8,1,1,1,1,140000.0,2.231037882,39.0,0.6999999999999997,Middle East
Israel,1998,5970700,10.30706995,147,2.5,1,1,-1,-1,141800.0,5.907664468000001,-9.0,-0.2999999999999998,Middle East
Israel,1999,6125275,13.43612191,137,2.3,1,1,-1,-1,154575.0,3.12905196,-10.0,-0.20000000000000018,Middle East
Israel,2000,6289200,20.87379,147,2.4,1,1,1,1,163925.0,7.437668089999999,10.0,0.10000000000000009,Middle East
Israel,2001,6439000,17.37862386,223,3.6,1,-1,1,1,149800.0,-3.4951661399999985,76.0,1.2000000000000002,Middle East
Israel,2002,6569900,17.76459906,227,3.6,1,1,1,0,130900.0,0.3859751999999972,4.0,0.0,Middle East
Israel,2003,6689700,19.59339366,206,3.2,1,1,-1,-1,119800.0,1.828794600000002,-21.0,-0.3999999999999999,Middle East
Israel,2004,6809000,22.77048553,173,2.7,1,1,-1,-1,119300.0,3.177091869999998,-33.0,-0.5,Middle East
Israel,2005,6930127.5,25.19404242,163,2.5,1,1,-1,-1,121127.5,2.4235568900000004,-10.0,-0.20000000000000018,Middle East
Israel,2006,7053707,27.88107446,189,2.8,1,1,1,1,123579.5,2.687032040000002,26.0,0.2999999999999998,Middle East
Israel,2007,7180114.5,48.12806219,134,1.9,1,1,-1,-1,126407.5,20.24698773,-55.0,-0.8999999999999999,Middle East
Israel,2008,7412180,59.39,163,2.3,1,1,1,1,232065.5,11.26193781,29.0,0.3999999999999999,Middle East
Israel,2009,7485565,63.12,156,2.1,1,1,-1,-1,176770.0,3.729999999999997,-7.0,-0.19999999999999973,Middle East
Israel,2010,7623561,67.5,158,2.1,1,1,1,0,137996.0,4.380000000000003,2.0,0.0,Middle East
Israel,2011,7765832,68.87387799,159,2.1,1,1,1,0,142271.0,1.3738779899999969,1.0,0.0,Middle East
Italy,1996,56862789,1.023289903,953,1.7,-1,1,-1,-1,-438051.0,0.49887711599999995,-59.0,-0.10000000000000009,Europe
Italy,1997,56893772,2.276737834,873,1.5,1,1,-1,-1,30983.0,1.253447931,-80.0,-0.19999999999999996,Europe
Italy,1998,57587985,4.558519565,876,1.5,1,1,1,0,694213.0,2.281781731,3.0,0.0,Europe
Italy,1999,57646255,14.37841019,805,1.4,1,1,-1,-1,82901.0,9.819890625,-71.0,-0.10000000000000009,Europe
Italy,2000,57679895,23.11087424,746,1.3,1,1,-1,-1,33640.0,8.73246405,-59.0,-0.09999999999999987,Europe
Italy,2001,56995744,27.22211698,709,1.2,-1,1,-1,-1,-684151.0,4.111242739999998,-37.0,-0.10000000000000009,Europe
Italy,2002,56987507,28.04,644,1.1,1,1,-1,-1,26815.0,0.81788302,-65.0,-0.09999999999999987,Europe
Italy,2003,57130506,29.04,719,1.2,1,1,1,1,142999.0,1.0,75.0,0.09999999999999987,Europe
Italy,2004,57495900,33.24,714,1.2,1,1,-1,0,365394.0,4.200000000000003,-5.0,0.0,Europe
Italy,2005,57874753,35,610,1,1,1,-1,-1,378853.0,1.759999999999998,-104.0,-0.19999999999999996,Europe
Italy,2006,58064214,37.99,625,1.1,1,1,1,1,189461.0,2.990000000000002,15.0,0.10000000000000009,Europe
Italy,2007,58223744,40.79,631,1.1,1,1,1,0,159530.0,2.799999999999997,6.0,0.0,Europe
Italy,2008,58652875,44.53,615,1,1,1,-1,-1,429131.0,3.740000000000002,-16.0,-0.10000000000000009,Europe
Italy,2009,59000586,48.83,590,1,1,1,-1,0,347711.0,4.299999999999997,-25.0,0.0,Europe
Italy,2010,59277416.5,53.68,529,0.9,1,1,-1,-1,276830.5,4.850000000000001,-61.0,-0.09999999999999998,Europe
Jamaica,1998,2576256,1.978726318,953,37.6,1,1,1,1,25410.333333333332,0.623079444,57.666666666666664,1.9666666666666675,Caribbean
Jamaica,1999,2590400,2.355688556,849,33.2,1,1,-1,-1,14144.0,0.37696223799999995,-104.0,-4.399999999999999,Caribbean
Jamaica,2001,2607632,3.863020387,1139,43.7,1,1,1,1,8616.0,0.7536659155000001,145.0,5.25,Caribbean
Jamaica,2003,2630370.651,7.8,975,36.8,1,1,-1,-1,11369.325500000035,1.9684898064999998,-82.0,-3.450000000000003,Caribbean
Jamaica,2004,2641946,10,1471,55.2,1,1,1,1,11575.34899999993,2.2,496.0,18.400000000000006,Caribbean
Jamaica,2005,2650405,12.8,1674,62.4,1,1,1,1,8459.0,2.8000000000000007,203.0,7.199999999999996,Caribbean
Jamaica,2008,2687241.352,23.6,1618,59.5,1,1,-1,-1,12278.783999999985,3.6,-18.666666666666668,-0.9666666666666662,Caribbean
Jamaica,2009,2695583,24.3,1682,61.6,1,1,1,1,8341.648000000045,0.6999999999999993,64.0,2.1000000000000014,Caribbean
Jamaica,2010,2702314,27.67,1430,52.2,1,1,-1,-1,6731.0,3.370000000000001,-252.0,-9.399999999999999,Caribbean
Japan,1996,125864000,4.372981968,616,0.5,1,1,-1,0,293754.0,2.77861882,-61.0,0.0,Asia
Japan,1997,126166000,9.16307714,677,0.5,1,1,1,0,302000.0,4.790095172,61.0,0.0,Asia
Japan,1998,126486000,13.41404088,716,0.6,1,1,1,1,320000.0,4.2509637399999995,39.0,0.09999999999999998,Asia
Japan,1999,126686000,21.39129031,674,0.5,1,1,-1,-1,200000.0,7.977249429999999,-42.0,-0.09999999999999998,Asia
Japan,2000,126925843,29.99074036,637,0.5,1,1,-1,0,239843.0,8.599450050000002,-37.0,0.0,Asia
Japan,2001,127291000,38.53206086,645,0.5,1,1,1,0,365157.0,8.541320500000001,8.0,0.0,Asia
Japan,2002,127435000,46.59420112,609,0.5,1,1,-1,0,144000.0,8.06214026,-36.0,0.0,Asia
Japan,2003,127619000,48.43526589,697,0.6,1,1,1,1,184000.0,1.8410647699999956,88.0,0.09999999999999998,Asia
Japan,2004,127687000,62.39392963,699,0.6,1,1,1,0,68000.0,13.958663740000006,2.0,0.0,Asia
Japan,2005,127767994,66.9210661,643,0.5,1,1,-1,-1,80994.0,4.527136470000002,-56.0,-0.09999999999999998,Asia
Japan,2006,127756000,68.68527032,619,0.5,-1,1,-1,0,-17000.0,1.7642042199999963,-24.0,0.0,Asia
Japan,2007,127772000,74.3,574,0.5,1,1,-1,0,2000.0,5.614729679999996,-45.0,0.0,Asia
Japan,2008,127704000,75.4,646,0.5,-1,1,1,0,-68000.0,1.1000000000000085,72.0,0.0,Asia
Japan,2009,127558000,78,506,0.4,-1,1,-1,-1,-134000.0,2.5999999999999943,-140.0,-0.09999999999999998,Asia
Kazakhstan,1997,15751310,0.064596754,2581,16.7,-1,1,-1,0,-169587.0,0.03277224200000001,-44.0,0.0,Asia
Kazakhstan,1998,15072983,0.131069604,2531,16.6,-1,1,-1,-1,-678327.0,0.06647285,-50.0,-0.09999999999999787,Asia
Kazakhstan,1999,14953126,0.464277218,2374,15.7,-1,1,-1,-1,-119857.0,0.333207614,-157.0,-0.9000000000000021,Asia
Kazakhstan,2003,14909018,2.000414753,1991,13.3,-1,1,-1,-1,-4481.75,0.38403438375,-95.75,-0.5999999999999996,Asia
Kazakhstan,2004,15012985,2.650394657,2091,13.9,1,1,1,1,103967.0,0.6499799040000003,100.0,0.5999999999999996,Asia
Kazakhstan,2005,15147029,2.961707492,1848,12.2,1,1,-1,-1,134044.0,0.31131283499999984,-243.0,-1.700000000000001,Asia
Kazakhstan,2006,15308084,3.268369051,1760,11.5,1,1,-1,-1,161055.0,0.30666155900000014,-88.0,-0.6999999999999993,Asia
Kazakhstan,2007,15484192,4.02,1677,10.8,1,1,-1,-1,176108.0,0.7516309489999995,-83.0,-0.6999999999999993,Asia
Kazakhstan,2008,15674000,11,1680,10.7,1,1,1,-1,189808.0,6.98,3.0,-0.10000000000000142,Asia
Kazakhstan,2009,16009597,18.2,1638,10.3,1,1,-1,-1,335597.0,7.199999999999999,-42.0,-0.3999999999999986,Asia
Kyrgyzstan,1999,4822938,0.20471135,433,8.8,1,1,1,0,188041.0,0.13190301599999998,8.0,0.0,Asia
Kyrgyzstan,2000,4867481,1.041401145,413,8.3,1,1,-1,-1,168456.0,0.8366897950000001,-20.0,-0.5,Asia
Kyrgyzstan,2001,4907594,3.002941327,386,7.7,1,1,-1,-1,40113.0,1.9615401819999998,-27.0,-0.6000000000000005,Asia
Kyrgyzstan,2002,4946471,2.99926518,411,8.2,1,-1,1,1,38877.0,-0.003676146999999741,25.0,0.4999999999999991,Asia
Kyrgyzstan,2003,5010844,3.908766268,420,8.4,1,1,1,1,64373.0,0.9095010879999998,9.0,0.20000000000000107,Asia
Kyrgyzstan,2004,5065027,5.090385307,419,8.3,1,1,-1,-1,54183.0,1.181619039,-1.0,-0.09999999999999964,Asia
Kyrgyzstan,2005,5115750,10.53380134,491,9.7,1,1,1,1,50723.0,5.443416033,72.0,1.3999999999999986,Asia
Kyrgyzstan,2006,5164206,12.306907,446,8.8,1,1,-1,-1,48456.0,1.7731056600000006,-45.0,-0.8999999999999986,Asia
Kyrgyzstan,2007,5267040,14.03,416,8.1,1,1,-1,-1,102834.0,1.7230929999999987,-30.0,-0.7000000000000011,Asia
Kyrgyzstan,2009,5362793,16,419,7.9,1,1,1,-1,47876.5,0.9850000000000003,1.5,-0.09999999999999964,Asia
Latvia,1997,2469137,2.053454712,268,11,-1,1,-1,-1,-21628.0,1.2407376400000003,-20.0,-0.6999999999999993,Europe
Latvia,1998,2448924,3.315267886,272,11.2,-1,1,1,1,-20213.0,1.2618131739999998,4.0,0.1999999999999993,Europe
Latvia,1999,2431798,4.387409055,250,10.4,-1,1,-1,-1,-17126.0,1.072141169,-22.0,-0.7999999999999989,Europe
Latvia,2000,2377383,6.319062083,229,9.6,-1,1,-1,-1,-54415.0,1.9316530280000004,-21.0,-0.8000000000000007,Europe
Latvia,2001,2355011,7.219345808,238,10.1,-1,1,1,1,-26704.0,0.9002837249999995,9.0,0.5,Europe
Latvia,2002,2338624,21.94,219,9.3,-1,1,-1,-1,-14760.0,14.720654192000001,-19.0,-0.7999999999999989,Europe
Latvia,2003,2299390,26.98,214,9.2,-1,1,-1,-1,-21566.0,5.039999999999999,-5.0,-0.10000000000000142,Europe
Latvia,2004,2312819,38.58,202,8.7,1,1,-1,-1,13429.0,11.599999999999998,-12.0,-0.5,Europe
Latvia,2005,2300512,46,126,5.5,1,1,-1,-1,23992.0,7.420000000000002,-76.0,-3.1999999999999993,Europe
Latvia,2006,2287948,53.63,128,5.6,1,1,1,1,38224.0,7.630000000000003,2.0,0.09999999999999964,Europe
Latvia,2007,2276100,59.17,94,4.1,1,1,-1,-1,48226.0,5.539999999999999,-34.0,-1.5,Europe
Latvia,2008,2266094,63.41,99,4.4,1,1,1,1,57254.0,4.239999999999995,5.0,0.3000000000000007,Europe
Latvia,2009,2254834,66.84,108,4.8,1,1,1,1,63024.0,3.430000000000007,9.0,0.39999999999999947,Europe
Latvia,2010,2120504,68.42,70,3.1,-1,1,-1,-1,-42330.0,1.5799999999999983,-38.0,-1.6999999999999997,Europe
Liechtenstein,2001,33104,45.11685265,0,0,1,1,0,0,241.0,8.601622759999998,0.0,0.0,Europe
Liechtenstein,2002,33694,59.47071067,0,0,1,1,0,0,590.0,14.353858020000004,0.0,0.0,Europe
Liechtenstein,2003,34078.5,58.80969184,0,0,1,-1,0,0,384.5,-0.6610188300000033,0.0,0.0,Europe
Liechtenstein,2004,34477,64.00744814,1,2.9,1,1,1,1,398.5,5.197756299999995,1.0,2.9,Europe
Liechtenstein,2005,34734,63.37135615,0,0,1,-1,-1,-1,257.0,-0.636091989999997,-1.0,-2.9,Europe
Liechtenstein,2006,35010,64.21416136,0,0,1,1,0,0,276.0,0.8428052100000087,0.0,0.0,Europe
Liechtenstein,2007,35322,65.08021844,0,0,1,1,0,0,312.0,0.8660570799999903,0.0,0.0,Europe
Liechtenstein,2008,35446,70,1,2.8,1,1,1,1,124.0,4.919781560000004,1.0,2.8,Europe
Liechtenstein,2009,35589,75,1,2.8,1,1,0,0,143.0,5.0,0.0,0.0,Europe
Lithuania,1997,3705588,0.978422157,391,10.9,-1,1,-1,-1,-3946.0,0.701000866,-14.0,-0.29999999999999893,Europe
Lithuania,1998,3702380,1.972063745,311,8.8,-1,1,-1,-1,-3208.0,0.993641588,-80.0,-2.0999999999999996,Europe
Lithuania,1999,3699660,2.9230547,309,8.8,-1,1,-1,0,-2720.0,0.9509909549999997,-2.0,0.0,Europe
Lithuania,2000,3695583,6.427067495,370,10.6,-1,1,1,1,-4077.0,3.5040127950000004,61.0,1.799999999999999,Europe
Lithuania,2001,3483972,7.179356994,353,10.1,-1,1,-1,-1,-211611.0,0.7522894989999998,-17.0,-0.5,Europe
Lithuania,2002,3469070,17.69,293,8.5,-1,1,-1,-1,-17928.0,10.510643006000002,-60.0,-1.5999999999999996,Europe
Lithuania,2003,3454205,25.91,344,10,-1,1,1,1,-432.0,8.219999999999999,51.0,1.5,Europe
Lithuania,2004,3435591,31.23,343,10,1,1,-1,0,4094.0,5.32,-1.0,0.0,Europe
Lithuania,2005,3414304,36.22,372,10.9,1,1,1,1,15375.0,4.989999999999998,29.0,0.9000000000000004,Europe
Lithuania,2006,3394082,43.9,288,8.5,1,1,-1,-1,38862.0,7.68,-84.0,-2.4000000000000004,Europe
Lithuania,2007,3375618,49.9,277,8.2,1,1,-1,-1,85783.0,6.0,-11.0,-0.3000000000000007,Europe
Lithuania,2008,3358114,55.22,298,8.9,1,1,1,1,108131.0,5.32,21.0,0.7000000000000011,Europe
Lithuania,2009,3339455,59.76,252,7.5,1,1,-1,-1,126850.0,4.539999999999999,-46.0,-1.4000000000000004,Europe
Lithuania,2010,3141976,62.12,219,6.6,-1,1,-1,-1,-41880.0,2.3599999999999994,-33.0,-0.9000000000000004,Europe
Luxembourg,2007,479993,78.92,7,1.5,1,1,0,0,7356.0,6.409999999999997,0.0,0.0,Europe
Luxembourg,2008,483799,82.23,12,2.5,1,1,1,1,3806.0,3.3100000000000023,5.0,1.0,Europe
Maldives,2008,309575,23.2,5,1.6,1,1,1,1,4706.0,6.899999999999999,2.0,0.6000000000000001,Asia
Malta,2002,397296,28.92,6,1.5,1,1,0,0,4268.0,11.042151680000003,0.0,0.0,Europe
Malta,2003,398582,31.64,0,0,1,1,-1,-1,1286.0,2.719999999999999,-6.0,-1.5,Europe
Malta,2004,401306,34.62,7,1.7,1,1,1,1,2724.0,2.979999999999997,7.0,1.7,Europe
Malta,2005,404962,41.24,4,1,1,1,-1,-1,3656.0,6.6200000000000045,-3.0,-0.7,Europe
Malta,2006,406453,40.41,0,0,1,-1,-1,-1,2944.0,-0.8300000000000054,-4.0,-1.0,Europe
Malta,2007,409092,46.9,4,1,1,1,1,1,4093.0,6.490000000000002,4.0,1.0,Europe
Malta,2008,412001,50.08,6,1.4,1,1,1,1,6385.0,3.1799999999999997,2.0,0.3999999999999999,Europe
Malta,2009,413991,58.86,4,1,1,1,-1,-1,6159.0,8.780000000000001,-2.0,-0.3999999999999999,Europe
Malta,2010,414027,63,4,1,1,1,0,0,3101.0,4.140000000000001,0.0,0.0,Europe
Mauritius,1997,1147706,0.475629193,24,2.1,1,1,-1,-1,14155.0,0.291860035,-10.0,-0.8999999999999999,Africa
Mauritius,1998,1159729,2.565279962,31,2.6,1,1,1,1,12023.0,2.089650769,7.0,0.5,Africa
Mauritius,1999,1174417,4.652213227,23,1.9,1,1,-1,-1,14688.0,2.086933265,-8.0,-0.7000000000000002,Africa
Mauritius,2000,1178848,7.281535115,26,2.2,1,1,1,1,4431.0,2.6293218879999998,3.0,0.30000000000000027,Africa
Mauritius,2001,1199881,8.780904019,28,2.3,0,1,1,1,0.0,1.4993689039999998,2.0,0.09999999999999964,Africa
Mauritius,2002,1210196,10.25262467,30,2.5,1,1,1,1,10315.0,1.471720651,2.0,0.20000000000000018,Africa
Mauritius,2003,1222811,12.1871062,36,2.9,1,1,1,1,12615.0,1.9344815300000011,6.0,0.3999999999999999,Africa
Mauritius,2005,1243253,15.17222875,37,2.9,1,1,1,0,10221.0,1.492561275,0.5,0.0,Africa
Mauritius,2006,1252698,16.7,50,3.9,1,1,1,1,9445.0,1.527771249999999,13.0,1.0,Africa
Mauritius,2007,1260403,20.22,45,3.5,1,1,-1,-1,7705.0,3.5199999999999996,-5.0,-0.3999999999999999,Africa
Mauritius,2008,1268565,21.81,48,3.7,1,1,1,1,8162.0,1.5899999999999999,3.0,0.20000000000000018,Africa
Mauritius,2009,1275032,22.51,38,2.9,1,1,-1,-1,6467.0,0.7000000000000028,-10.0,-0.8000000000000003,Africa
Mauritius,2010,1280924,28.33,33,2.5,1,1,-1,-1,5892.0,5.819999999999997,-5.0,-0.3999999999999999,Africa
Mexico,2000,97483412,5.081384153,10737,10.7,1,1,-1,-1,1265024.4,0.9957639926,-975.0,-1.2399999999999998,North America
Mexico,2005,103263388,17.21,9921,9.3,1,1,-1,-1,1155995.2,2.4257231694000003,-163.2,-0.2799999999999997,North America
Mexico,2010,112336538,31.05,25757,22.7,1,1,1,1,1814630.0,2.768,3167.2,2.6799999999999997,North America
Mongolia,2008,2659347,9.8,212,7.9,1,1,-1,-1,44366.0,0.8000000000000007,-81.0,-3.299999999999999,Asia
Mongolia,2009,2670241,10,219,8.1,1,1,1,1,10894.0,0.1999999999999993,7.0,0.1999999999999993,Asia
Mongolia,2010,2754685,10.2,239,8.7,1,1,1,1,84444.0,0.1999999999999993,20.0,0.5999999999999996,Asia
Montenegro,2007,626187,30.8,10,1.6,1,1,-1,-1,1455.0,1.8499999999999996,-6.0,-0.95,Europe
Montenegro,2008,628804,32.9,23,3.7,1,1,1,1,2617.0,2.099999999999998,13.0,2.1,Europe
Montenegro,2009,630142,35.1,22,3.5,1,1,-1,-1,1338.0,2.200000000000003,-1.0,-0.20000000000000018,Europe
Norway,1996,4381338,18.25031077,43,1,1,1,0,0,22154.0,11.827090277,0.0,0.0,Europe
Norway,1997,4405156,20.41788144,38,0.9,1,1,-1,-1,23818.0,2.16757067,-5.0,-0.09999999999999998,Europe
Norway,1998,4431464,22.56011255,38,0.9,1,1,0,0,26308.0,2.142231110000001,0.0,0.0,Europe
Norway,1999,4461913,40,37,0.8,1,1,-1,-1,30449.0,17.43988745,-1.0,-0.09999999999999998,Europe
Norway,2001,4520947,64,37,0.8,1,1,0,0,29517.0,12.0,0.0,0.0,Europe
Norway,2002,4538159,72.84,46,1,1,1,1,1,24408.0,8.840000000000003,9.0,0.19999999999999996,Europe
Norway,2003,4564855,78.13,51,1.1,1,1,1,1,26696.0,5.289999999999992,5.0,0.10000000000000009,Europe
Norway,2004,4591910,77.69,36,0.8,1,-1,-1,-1,27055.0,-0.4399999999999977,-15.0,-0.30000000000000004,Europe
Norway,2005,4623291,81.99,33,0.7,1,1,-1,-1,31381.0,4.299999999999997,-3.0,-0.10000000000000009,Europe
Norway,2006,4660676.5,82.55,33,0.7,1,1,0,0,37385.5,0.5600000000000023,0.0,0.0,Europe
Norway,2007,4709152.5,86.93,30,0.6,1,1,-1,-1,48476.0,4.38000000000001,-3.0,-0.09999999999999998,Europe
Norway,2008,4768211.5,90.57,34,0.7,1,1,1,1,59059.0,3.6399999999999864,4.0,0.09999999999999998,Europe
Norway,2009,4799252,92.08,29,0.6,1,1,-1,-1,31040.5,1.5100000000000051,-5.0,-0.09999999999999998,Europe
Norway,2010,4858199,93.39,29,0.6,1,1,0,0,29473.5,1.3100000000000023,0.0,0.0,Europe
Pakistan,1997,122529198,0.027549238,9304,6.9,1,1,1,0,2981789.0,0.024557508,242.0,0.0,Asia
Pakistan,1998,127441708,0.043947719,10246,7.4,1,1,1,1,4912510.0,0.016398481000000003,942.0,0.5,Asia
Pakistan,2001,133652121,1.318550779,9528,6.5,1,1,-1,-1,2070137.6666666667,0.4248676866666667,-239.33333333333334,-0.3000000000000001,Asia
Pakistan,2003,138979270,5.041158126,9346,6.1,1,1,-1,-1,2663574.5,1.8613036735000001,-91.0,-0.20000000000000018,Asia
Pakistan,2005,144367294,6.332329098,9631,6.1,1,1,1,0,2694012.0,0.6455854859999999,142.5,0.0,Asia
Pakistan,2007,149860388,6.8,10556,6.4,1,1,1,1,2746547.0,0.23383545100000003,462.5,0.15000000000000036,Asia
Panama,2010,3405813,40.1,759,21.6,1,1,1,1,56663.6,3.3545203523,46.0,1.1500000000000001,South America
Peru,2007,27412157,25.2,2943,10.4,1,1,-1,-1,629946.0,4.049999999999999,-57.0,-0.34999999999999964,South America
Philippines,2007,88546087,5.97,5962,6.7,1,1,1,-1,1720287.142857143,0.5696781148571428,32.42857142857143,-0.10000000000000002,Asia
Poland,1996,38618019,1.295200255,873,2.3,1,1,1,1,30423.0,0.6474479219999999,20.0,0.09999999999999964,Europe
Poland,1997,38649914,2.073465474,807,2.1,1,1,-1,-1,31895.0,0.7782652189999999,-66.0,-0.19999999999999973,Europe
Poland,1998,38666145,4.102272002,1869,4.9,1,1,1,1,16231.0,2.0288065280000005,1062.0,2.8000000000000003,Europe
Poland,1999,38653625,5.45644373,1820,4.7,-1,1,-1,-1,-12520.0,1.3541717279999999,-49.0,-0.20000000000000018,Europe
Poland,2000,38263303,7.285428708,2170,5.7,-1,1,1,1,-390322.0,1.8289849780000003,350.0,1.0,Europe
Poland,2001,38638332,9.900669707,776,2,1,1,-1,-1,375029.0,2.615240999,-1394.0,-3.7,Europe
Poland,2002,38230080,21.15,716,1.9,-1,1,-1,-1,-408252.0,11.249330292999998,-60.0,-0.10000000000000009,Europe
Poland,2003,38195177,24.87,662,1.7,-1,1,-1,-1,-230315.0,3.7200000000000024,-54.0,-0.19999999999999996,Europe
Poland,2004,38180249,32.53,633,1.7,-1,1,-1,0,-14928.0,7.66,-29.0,0.0,Europe
Poland,2005,38161313,38.81,555,1.5,-1,1,-1,-1,-18936.0,6.280000000000001,-78.0,-0.19999999999999996,Europe
Poland,2006,38132277,44.58,490,1.3,-1,1,-1,-1,-29036.0,5.769999999999996,-65.0,-0.19999999999999996,Europe
Poland,2007,38115967,48.6,525,1.4,-1,1,1,1,-41088.0,4.020000000000003,35.0,0.09999999999999987,Europe
Poland,2008,38115641,53.13,460,1.2,-1,1,-1,-1,-9838.0,4.530000000000001,-65.0,-0.19999999999999996,Europe
Poland,2009,38135876,58.97,493,1.3,1,1,1,1,15316.0,5.839999999999996,33.0,0.10000000000000009,Europe
Poland,2010,38167329,62.32,436,1.1,1,1,-1,-1,13940.0,3.3500000000000014,-57.0,-0.19999999999999996,Europe
Portugal,1997,10084196,4.953001955,114,1.1,1,1,1,1,20251.5,1.9721242850000005,8.0,0.10000000000000009,Europe
Portugal,1998,10133758,9.870446442,125,1.2,1,1,1,1,24781.0,4.917444487,11.0,0.09999999999999987,Europe
Portugal,1999,10186634,14.74233784,109,1.1,1,1,-1,-1,26438.0,4.871891397999999,-16.0,-0.09999999999999987,Europe
Portugal,2000,10249022,16.43046769,116,1.1,1,1,1,0,31194.0,1.688129850000001,7.0,0.0,Europe
Portugal,2001,10356117,18.08713656,105,1,1,1,-1,-1,66219.0,1.6566688700000007,-11.0,-0.10000000000000009,Europe
Portugal,2002,10394669,19.37,119,1.1,1,1,1,1,31947.5,1.2828634399999999,14.0,0.10000000000000009,Europe
Portugal,2003,10444592,29.67,149,1.4,1,1,1,1,24961.5,10.3,30.0,0.2999999999999998,Europe
Portugal,2004,10473050,31.78,144,1.4,1,1,-1,0,14229.0,2.1099999999999994,-5.0,0.0,Europe
Portugal,2005,10494672,34.99,135,1.3,1,1,-1,-1,10811.0,3.210000000000001,-9.0,-0.09999999999999987,Europe
Portugal,2006,10511988,38.01,155,1.5,1,1,1,1,8658.0,3.019999999999996,20.0,0.19999999999999996,Europe
Portugal,2007,10532588,42.09,185,1.7,1,1,1,1,10300.0,4.080000000000005,30.0,0.19999999999999996,Europe
Portugal,2008,10553339,44.13,124,1.2,1,1,-1,-1,10375.5,2.039999999999999,-61.0,-0.5,Europe
Portugal,2009,10563014,48.27,130,1.2,1,1,1,0,4837.5,4.140000000000001,6.0,0.0,Europe
Portugal,2010,10573479,53.3,124,1.2,1,1,-1,0,5232.5,5.029999999999994,-6.0,0.0,Europe
Puerto Rico,1996,3733326,0.268160428,868,23.3,1,1,1,0,78132.0,0.133057645,4.0,0.0,Caribbean
Puerto Rico,1997,3805003,1.331822159,724,19.3,1,1,-1,-1,71677.0,1.0636617309999998,-144.0,-4.0,Caribbean
Puerto Rico,1998,3833482,2.647646679,652,17.2,1,1,-1,-1,28479.0,1.3158245200000003,-72.0,-2.1000000000000014,Caribbean
Puerto Rico,1999,3889507,5.265682651,593,15.6,1,1,-1,-1,56025.0,2.6180359719999995,-59.0,-1.5999999999999996,Caribbean
Puerto Rico,2000,3808610,10.47464821,695,18.2,-1,1,1,1,-80897.0,5.208965559,102.0,2.5999999999999996,Caribbean
Puerto Rico,2001,3839190,15.63003092,747,19.6,1,1,1,1,21557.0,5.15538271,52.0,1.4000000000000021,Caribbean
Puerto Rico,2002,3858806,17.54764757,781,20.5,1,1,1,1,19616.0,1.9176166499999994,34.0,0.8999999999999986,Caribbean
Puerto Rico,2003,3878532,19.70702566,787,20.7,1,1,1,1,19726.0,2.1593780900000006,6.0,0.1999999999999993,Caribbean
Puerto Rico,2004,3895107,22.13073823,797,21,1,1,1,1,16575.0,2.4237125699999993,10.0,0.3000000000000007,Caribbean
Puerto Rico,2005,3912054,23.40005045,771,20.4,1,1,-1,-1,16947.0,1.2693122199999998,-26.0,-0.6000000000000014,Caribbean
Puerto Rico,2006,3927776,25.44241821,748,19.8,1,1,-1,-1,15722.0,2.042367760000001,-23.0,-0.5999999999999979,Caribbean
Puerto Rico,2007,3942375,27.86,731,19.4,1,1,-1,-1,14599.0,2.41758179,-17.0,-0.40000000000000213,Caribbean
Puerto Rico,2008,3954037,38,807,21.5,1,1,1,1,11662.0,10.14,76.0,2.1000000000000014,Caribbean
Puerto Rico,2009,3967288,41.5,894,23.8,1,1,1,1,13251.0,3.5,87.0,2.3000000000000007,Caribbean
Puerto Rico,2010,3725789,45.3,983,26.2,-1,1,1,1,-241499.0,3.799999999999997,89.0,2.3999999999999986,Caribbean
Qatar,2004,744029,20.70164785,6,0.8,1,1,1,1,25263.0,1.4593114299999996,2.0,0.20000000000000007,Middle East
Qatar,2005,796186,24.73349378,6,0.7,1,1,0,-1,52157.0,4.031845929999999,0.0,-0.10000000000000009,Middle East
Qatar,2006,936287,28.97411271,2,0.2,1,1,-1,-1,140101.0,4.24061893,-4.0,-0.49999999999999994,Middle East
Qatar,2007,1226210,37,30,2.5,1,1,1,1,289923.0,8.02588729,28.0,2.3,Middle East
Qatar,2008,1448484,44.3,13,0.9,1,1,-1,-1,222274.0,7.299999999999997,-17.0,-1.6,Middle East
Romania,1996,22607620,0.221622649,722,3.2,-1,1,-1,-1,-73331.0,0.146669893,-36.0,-0.09999999999999964,Europe
Romania,1997,22545925,0.445444676,693,3.1,-1,1,-1,-1,-61695.0,0.22382202699999998,-29.0,-0.10000000000000009,Europe
Romania,1998,22502803,2.237649473,559,2.5,-1,1,-1,-1,-43122.0,1.792204797,-134.0,-0.6000000000000001,Europe
Romania,1999,22458022,2.697580217,566,2.5,-1,1,1,0,-44781.0,0.4599307440000002,7.0,0.0,Europe
Romania,2000,22435205,3.613717291,581,2.6,-1,1,1,1,-22817.0,0.9161370739999999,15.0,0.10000000000000009,Europe
Romania,2001,22408393,4.538669029,597,2.7,-1,1,1,1,-26812.0,0.9249517380000003,16.0,0.10000000000000009,Europe
Romania,2002,21680974,6.58,563,2.6,-1,1,-1,-1,-727419.0,2.041330971,-34.0,-0.10000000000000009,Europe
Romania,2003,21733556,8.9,551,2.5,-1,1,-1,-1,-61237.0,2.3200000000000003,-12.0,-0.10000000000000009,Europe
Romania,2004,21673328,15,516,2.4,1,1,-1,-1,45819.0,6.1,-35.0,-0.10000000000000009,Europe
Romania,2005,21623849,21.5,453,2.1,1,1,-1,-1,102707.0,6.5,-63.0,-0.2999999999999998,Europe
Romania,2006,21584365,24.66,438,2,1,1,-1,-1,202011.0,3.16,-15.0,-0.10000000000000009,Europe
Romania,2007,21537563,28.3,416,1.9,1,1,-1,-1,280547.0,3.6400000000000006,-22.0,-0.10000000000000009,Europe
Romania,2008,21504442,32.42,493,2.3,1,1,1,1,373939.0,4.120000000000001,77.0,0.3999999999999999,Europe
Romania,2009,21469959,36.6,421,2,1,1,-1,-1,834499.0,4.18,-72.0,-0.2999999999999998,Europe
Saint Kitts and Nevis,1997,40740,2.258559942,7,15.8,-1,1,1,1,-1540.0,0.3129901190000002,3.0,6.600000000000001,Caribbean
Saint Kitts and Nevis,1998,40130,3.343810607,8,17.8,-1,1,1,1,-610.0,1.0852506649999998,1.0,2.0,Caribbean
Saint Kitts and Nevis,1999,42460,4.400440044,6,13.2,1,1,-1,-1,2330.0,1.0566294369999998,-2.0,-4.600000000000001,Caribbean
Saint Kitts and Nevis,2000,40410,5.86281024,3,6.5,-1,1,-1,-1,-2050.0,1.4623701960000002,-3.0,-6.699999999999999,Caribbean
Saint Lucia,2001,157164,8.181863954,34,21.4,1,1,1,1,1168.0,3.091380613000001,11.0,6.799999999999999,Caribbean
Saint Lucia,2002,159133,14.64183577,42,26.2,1,1,1,1,1969.0,6.4599718159999995,8.0,4.800000000000001,Caribbean
Saint Lucia,2003,160673,20.98247346,36,22.2,1,1,-1,-1,1540.0,6.340637690000001,-6.0,-4.0,Caribbean
Saint Lucia,2004,162434,21.39521236,37,22.6,1,1,1,1,1761.0,0.41273889999999724,1.0,0.40000000000000213,Caribbean
Saint Lucia,2005,164330,21.56758295,41,24.8,1,1,1,1,1896.0,0.17237058999999988,4.0,2.1999999999999993,Caribbean
Saint Lucia,2006,166387,24.5,43,25.7,1,1,1,1,2057.0,2.9324170500000015,2.0,0.8999999999999986,Caribbean
Saint Lucia,2007,168338,27.9,29,17.2,1,1,-1,-1,1951.0,3.3999999999999986,-14.0,-8.5,Caribbean
Saint Lucia,2008,170331,32,39,22.9,1,1,1,1,1993.0,4.100000000000001,10.0,5.699999999999999,Caribbean
Saint Lucia,2009,172370,36,39,22.6,1,1,0,-1,2039.0,4.0,0.0,-0.29999999999999716,Caribbean
Saudi Arabia,2003,22018739,8.001582891,250,1.1,1,1,1,1,390618.3333333333,1.9302970273333333,25.666666666666668,0.0666666666666667,Middle East
Saudi Arabia,2004,22678262,10.234533,301,1.3,1,1,1,1,659523.0,2.232950109000001,51.0,0.19999999999999996,Middle East
Saudi Arabia,2005,23118994,12.70503599,297,1.2,1,1,-1,-1,440732.0,2.47050299,-4.0,-0.10000000000000009,Middle East
Saudi Arabia,2006,23678849,19.45955435,255,1,1,1,-1,-1,559855.0,6.7545183600000005,-42.0,-0.19999999999999996,Middle East
Serbia,2006,7411569,27.2,156,1.6,-1,1,1,1,-29200.0,0.8999999999999986,9.0,0.10000000000000009,Europe
Serbia,2007,7381579,33.15,171,1.7,-1,1,1,1,-29990.0,5.949999999999999,15.0,0.09999999999999987,Europe
Serbia,2008,7365507,35.6,140,1.4,-1,1,-1,-1,-32144.0,2.450000000000003,-31.0,-0.30000000000000004,Europe
Serbia,2009,7334937,38.1,145,1.5,-1,1,1,1,-15285.0,2.5,5.0,0.10000000000000009,Europe
Serbia,2010,7306677,40.9,123,1.2,-1,1,-1,-1,-14130.0,2.799999999999997,-22.0,-0.30000000000000004,Europe
Singapore,1996,3068132,8.34995903,31,0.9,1,1,-1,-1,54617.0,5.476540308000001,-20.0,-0.6,Asia
Singapore,1997,3123403,13.47162042,39,1.1,1,1,1,1,55271.0,5.12166139,8.0,0.20000000000000007,Asia
Singapore,1998,3180018,19.59076716,37,1,1,1,-1,-1,56615.0,6.119146739999998,-2.0,-0.10000000000000009,Asia
Singapore,1999,3229681,24.15543693,40,1,1,1,1,0,49663.0,4.564669770000002,3.0,0.0,Asia
Singapore,2000,3273363,36,37,0.9,1,1,-1,-1,43682.0,11.84456307,-3.0,-0.09999999999999998,Asia
Singapore,2001,3325902,41.67042518,30,0.8,1,1,-1,-1,52539.0,5.670425180000002,-7.0,-0.09999999999999998,Asia
Singapore,2002,3382944,47,22,0.5,1,1,-1,-1,57042.0,5.329574819999998,-8.0,-0.30000000000000004,Asia
Singapore,2003,3366891,53.83794329,24,0.6,-1,1,1,1,-16053.0,6.837943289999998,2.0,0.09999999999999998,Asia
Singapore,2004,3413266,62,19,0.5,1,1,-1,-1,46375.0,8.162056710000002,-5.0,-0.09999999999999998,Asia
Singapore,2005,3467814,61,21,0.5,1,-1,1,0,54548.0,-1.0,2.0,0.0,Asia
Singapore,2006,3525894,59,17,0.4,1,-1,-1,-1,58080.0,-2.0,-4.0,-0.09999999999999998,Asia
Singapore,2007,3583082,69.9,18,0.4,1,1,1,0,57188.0,10.900000000000006,1.0,0.0,Asia
Singapore,2008,3642659,69,18,0.4,1,-1,0,0,59577.0,-0.9000000000000057,0.0,0.0,Asia
Singapore,2009,3733876,69,25,0.5,1,0,1,1,91217.0,0.0,7.0,0.09999999999999998,Asia
Singapore,2010,3771721,71,19,0.4,1,1,-1,-1,37845.0,2.0,-6.0,-0.09999999999999998,Asia
Singapore,2011,3789251,71,16,0.3,1,0,-1,-1,17530.0,0.0,-3.0,-0.10000000000000003,Asia
Slovenia,1996,1991169,5.072272271,38,1.9,1,1,-1,-1,3664.0,2.173286662,-6.0,-0.30000000000000027,Europe
Slovenia,1998,1982603,10.10460285,14,0.7,-1,1,-1,-1,-4283.0,2.5161652894999995,-12.0,-0.6,Europe
Slovenia,1999,1985557,12.61093843,25,1.3,1,1,1,1,2954.0,2.50633558,11.0,0.6000000000000001,Europe
Slovenia,2000,1988924.5,15.11025956,36,1.8,1,1,1,1,3367.5,2.4993211300000002,11.0,0.5,Europe
Slovenia,2001,1992060,30.17591047,28,1.4,1,1,-1,-1,3135.5,15.065650910000002,-8.0,-0.40000000000000013,Europe
Slovenia,2002,1964036,27.83888542,36,1.8,-1,-1,1,1,-28024.0,-2.337025050000001,8.0,0.40000000000000013,Europe
Slovenia,2003,1996773,31.85479301,21,1.1,1,1,-1,-1,1055.0,4.015907590000001,-15.0,-0.7,Europe
Slovenia,2004,1997004,40.81,28,1.4,1,1,1,1,231.0,8.95520699,7.0,0.2999999999999998,Europe
Slovenia,2005,2001114,46.81,20,1,1,1,-1,-1,4110.0,6.0,-8.0,-0.3999999999999999,Europe
Slovenia,2006,2008516,54.01,12,0.6,1,1,-1,-1,7402.0,7.199999999999996,-8.0,-0.4,Europe
Slovenia,2007,2010377,56.74,24,1.2,1,1,1,1,1861.0,2.730000000000004,12.0,0.6,Europe
Slovenia,2008,2025866,58,10,0.5,1,1,-1,-1,6460.0,1.259999999999998,-14.0,-0.7,Europe
Slovenia,2009,2032362,64,13,0.6,1,1,1,1,9733.0,6.0,3.0,0.09999999999999998,Europe
Slovenia,2010,2046976,70,15,0.7,1,1,1,1,4641.0,6.0,2.0,0.09999999999999998,Europe
South Africa,2001,44819776,6.346619318,21405,47.2,1,1,-1,-1,847240.6,1.1009472774,-813.0,-2.6399999999999992,Africa
Spain,1996,39270313,1.331847404,397,1,1,1,-1,0,60602.0,0.9510466759999999,-14.0,0.0,Europe
Spain,1997,39323320,2.803319625,463,1.2,1,1,1,1,53007.0,1.471472221,66.0,0.19999999999999996,Europe
Spain,1998,39371147,4.361892394,522,1.3,1,1,1,1,47827.0,1.558572769,59.0,0.10000000000000009,Europe
Spain,1999,39418017,7.085039678,486,1.2,1,1,-1,-1,46870.0,2.7231472840000004,-36.0,-0.10000000000000009,Europe
Spain,2000,39927392,13.62496081,553,1.4,1,1,1,1,509375.0,6.539921131999999,67.0,0.19999999999999996,Europe
Spain,2001,40847371,18.14872269,577,1.4,1,1,1,0,919979.0,4.52376188,24.0,0.0,Europe
Spain,2002,41035278,20.39,564,1.4,1,1,-1,0,769776.0,2.241277310000001,-13.0,0.0,Europe
Spain,2003,41827838,39.93,587,1.4,1,1,1,0,404313.0,19.54,23.0,0.0,Europe
Spain,2004,42547451,44.01,520,1.2,1,1,-1,-1,351218.0,4.079999999999998,-67.0,-0.19999999999999996,Europe
Spain,2005,43296338,47.88,518,1.2,1,1,-1,0,437165.0,3.8700000000000045,-2.0,0.0,Europe
Spain,2006,44009971,50.37,476,1.1,1,1,-1,-1,347354.0,2.489999999999995,-42.0,-0.09999999999999987,Europe
Spain,2007,44784666,55.11,482,1.1,1,1,1,0,424141.0,4.740000000000002,6.0,0.0,Europe
Spain,2008,45668939,59.6,426,0.9,1,1,-1,-1,432937.0,4.490000000000002,-56.0,-0.20000000000000007,Europe
Spain,2009,46239273,62.4,399,0.9,1,1,-1,0,256106.0,2.799999999999997,-27.0,0.0,Europe
Spain,2010,46486619,65.8,390,0.8,1,1,-1,-1,119074.0,3.3999999999999986,-9.0,-0.09999999999999998,Europe
Suriname,2003,481146,4.719875395,60,12.3,1,1,-1,1,15116.333333333334,0.7378214476666667,-2.6666666666666665,2.566666666666667,South America
Suriname,2004,492829,6.076047814,46,9.3,1,1,-1,-1,11683.0,1.356172419,-14.0,-3.0,South America
Suriname,2006,504257,9.499626942,62,12.3,1,1,1,1,5714.0,1.7117895640000005,8.0,1.5,South America
Suriname,2007,509970,14.11,45,8.8,1,1,-1,-1,5713.0,4.610373057999999,-17.0,-3.5,South America
Suriname,2008,517052,21.06,43,8.3,1,1,-1,-1,7082.0,6.949999999999999,-2.0,-0.5,South America
Suriname,2009,524143,31.36,24,4.6,1,1,-1,-1,7091.0,10.3,-19.0,-3.700000000000001,South America
Sweden,1996,8844499,9.04359976,97,1.1,1,1,1,1,7003.0,3.945575515999999,14.0,0.20000000000000007,Europe
Sweden,1997,8847625,23.72794756,91,1,1,1,-1,-1,3126.0,14.684347800000001,-6.0,-0.10000000000000009,Europe
Sweden,1998,8850975,33.46751233,93,1.1,1,1,1,1,3350.0,9.739564769999998,2.0,0.10000000000000009,Europe
Sweden,1999,8857876,41.43278316,99,1.1,1,1,1,0,6901.0,7.9652708300000015,6.0,0.0,Europe
Sweden,2000,8872109,45.68765221,89,1,1,1,-1,-1,14233.0,4.2548690500000035,-10.0,-0.10000000000000009,Europe
Sweden,2001,8895960,51.76566494,84,0.9,1,1,-1,-1,23851.0,6.0780127299999975,-5.0,-0.09999999999999998,Europe
Sweden,2002,8924960,70.57,99,1.1,1,1,1,1,29000.0,18.804335059999993,15.0,0.20000000000000007,Europe
Sweden,2003,8975670,79.13,83,0.9,1,1,-1,-1,50710.0,8.560000000000002,-16.0,-0.20000000000000007,Europe
Sweden,2004,8993531,83.89,109,1.2,1,1,1,1,17861.0,4.760000000000005,26.0,0.29999999999999993,Europe
Sweden,2005,9029572,84.83,81,0.9,1,1,-1,-1,36041.0,0.9399999999999977,-28.0,-0.29999999999999993,Europe
Sweden,2006,9080505,87.76,93,1,1,1,1,1,50933.0,2.930000000000007,12.0,0.09999999999999998,Europe
Sweden,2007,9113257,82.01,114,1.2,1,-1,1,1,32752.0,-5.75,21.0,0.19999999999999996,Europe
Sweden,2008,9182927,90,82,0.9,1,1,-1,-1,34835.0,7.989999999999995,-32.0,-0.29999999999999993,Europe
Sweden,2009,9256347,91,92,1,1,1,1,1,36710.0,1.0,10.0,0.09999999999999998,Europe
Sweden,2010,9340682,90,91,1,1,-1,-1,0,42167.5,-1.0,-1.0,0.0,Europe
Switzerland,1996,7071851,4.549656748,83,1.2,1,1,1,0,31164.0,0.9976495370000005,1.0,0.0,Europe
Switzerland,1997,7088906,15.1,87,1.2,1,1,1,0,17055.0,10.550343252,4.0,0.0,Europe
Switzerland,1998,7110002,24.8,76,1.1,1,1,-1,-1,21096.0,9.700000000000001,-11.0,-0.09999999999999987,Europe
Switzerland,1999,7143991,34,89,1.2,1,1,1,1,33989.0,9.2,13.0,0.09999999999999987,Europe
Switzerland,2000,7288010,47.1,69,1,1,1,-1,-1,144019.0,13.100000000000001,-20.0,-0.19999999999999996,Europe
Switzerland,2001,7232633,55.1,86,1.2,-1,1,1,1,-55377.0,8.0,17.0,0.19999999999999996,Europe
Switzerland,2002,7284753,61.4,86,1.2,1,1,0,0,52120.0,6.299999999999997,0.0,0.0,Europe
Switzerland,2003,7339002,65.1,73,1,1,1,-1,-1,54249.0,3.6999999999999957,-13.0,-0.19999999999999996,Europe
Switzerland,2004,7389625,67.8,79,1.1,1,1,1,1,50623.0,2.700000000000003,6.0,0.10000000000000009,Europe
Switzerland,2005,7437116,70.1,75,1,1,1,-1,-1,47491.0,2.299999999999997,-4.0,-0.10000000000000009,Europe
Switzerland,2006,7483935,75.7,60,0.8,1,1,-1,-1,46819.0,5.6000000000000085,-15.0,-0.19999999999999996,Europe
Switzerland,2007,7508739,77.2,51,0.7,1,1,-1,-1,24804.0,1.5,-9.0,-0.10000000000000009,Europe
Switzerland,2008,7593494,79.2,54,0.7,1,1,1,0,42377.0,2.0,3.0,0.0,Europe
Switzerland,2009,7743832,81.3,51,0.7,1,1,-1,0,96156.0,2.0999999999999943,-3.0,0.0,Europe
Switzerland,2010,7785806,83.9,52,0.7,1,1,1,0,83950.0,2.6000000000000085,1.0,0.0,Europe
Tajikistan,2007,7139772,7.197619518,154,2.3,1,1,-1,-1,144611.2857142857,1.0212885604285715,-18.428571428571427,-0.32857142857142857,Asia
Tajikistan,2010,7564502,11.55,143,2.1,1,1,-1,-1,141576.66666666666,1.4507934940000002,-3.6666666666666665,-0.06666666666666658,Asia
Thailand,2010,65981659,22.4,3654,5.3,1,1,-1,-1,506521.8,1.8710958720999997,-148.8,-0.27999999999999997,Asia
Trinidad and Tobago,2008,1308587,34.8,547,41.1,1,1,1,1,5399.0,2.5,156.0,11.600000000000001,Caribbean
Trinidad and Tobago,2009,1310106,44.3,506,37.9,1,1,-1,-1,1519.0,9.5,-41.0,-3.200000000000003,Caribbean
Trinidad and Tobago,2010,1317714,48.5,472,35.2,1,1,-1,-1,7608.0,4.200000000000003,-34.0,-2.6999999999999957,Caribbean
Ukraine,1997,50638808,0.198821885,4529,9,-1,1,-1,-1,-417449.5,0.07786895,-127.0,-0.20000000000000018,Europe
Ukraine,1998,50245208,0.301075792,4563,9.2,-1,1,1,1,-393600.0,0.102253907,34.0,0.1999999999999993,Europe
Ukraine,1999,49850926,0.405385448,4624,9.4,-1,1,1,1,-394282.0,0.10430965599999997,61.0,0.20000000000000107,Europe
Ukraine,2000,49456088,0.716183762,4806,9.8,-1,1,1,1,-394838.0,0.310798314,182.0,0.40000000000000036,Europe
Ukraine,2001,48240902,1.238759547,4854,10,-1,1,1,1,-1215186.0,0.5225757849999999,48.0,0.1999999999999993,Europe
Ukraine,2003,47823108,3.148127588,4041,8.5,-1,1,-1,-1,-606705.5,0.9546840205,-406.5,-0.75,Europe
Ukraine,2004,47271270.5,3.489477881,3788,8,-1,1,-1,-1,-551837.5,0.3413502930000001,-253.0,-0.5,Europe
Ukraine,2007,46465691,6.55,2906,6.3,-1,1,-1,-1,-268526.5,1.0201740396666665,-294.0,-0.5666666666666668,Europe
Ukraine,2008,46192309,11,2707,5.9,-1,1,-1,-1,-136691.0,4.45,-199.0,-0.39999999999999947,Europe
Ukraine,2009,45963359,17.9,2478,5.4,-1,1,-1,-1,-228950.0,6.899999999999999,-229.0,-0.5,Europe
Ukraine,2010,45782592,23.3,2356,5.2,-1,1,-1,-1,-180767.0,5.400000000000002,-122.0,-0.20000000000000018,Europe
Uruguay,2001,3308356.424,11.12143768,218,6.6,-1,1,1,1,-13784.575999999885,0.5823799300000001,4.0,0.1999999999999993,South America
Uruguay,2002,3308526.675,11.4194702,231,6.9,1,1,1,1,170.25099999969825,0.2980325199999996,13.0,0.3000000000000007,South America
Uruguay,2003,3380177,15.93713672,197,5.9,1,1,-1,-1,71650.32500000019,4.517666520000001,-34.0,-1.0,South America
Uruguay,2004,3241003,17.06309834,200,6,-1,1,1,1,-139174.0,1.12596162,3.0,0.09999999999999964,South America
Uruguay,2005,3305723,20.08818956,188,5.7,1,1,-1,-1,3991.0,3.02509122,-12.0,-0.2999999999999998,South America
Uruguay,2006,3314466,29.4,203,6.1,1,1,1,1,8743.0,9.311810439999999,15.0,0.39999999999999947,South America
Uruguay,2007,3323906,34,193,5.8,1,1,-1,-1,9440.0,4.600000000000001,-10.0,-0.2999999999999998,South America
Uruguay,2008,3334052,39.3,221,6.6,1,1,1,1,10146.0,5.299999999999997,28.0,0.7999999999999998,South America
Uruguay,2009,3344938,41.8,227,6.8,1,1,1,1,10886.0,2.5,6.0,0.20000000000000018,South America
Uruguay,2010,3356584,46.4,205,6.1,1,1,-1,-1,11646.0,4.600000000000001,-22.0,-0.7000000000000002,South America
Uruguay,2011,3285877,51.40466106,199,5.9,-1,1,-1,-1,-70707.0,5.004661060000004,-6.0,-0.1999999999999993,South America
Uzbekistan,1999,23953922,0.030688343,1014,4.1,1,1,-1,-1,302609.0,0.010075704,-20.0,-0.15000000000000036,Asia
Uzbekistan,2000,24650415,0.484347308,1068,4.3,1,1,1,1,696493.0,0.45365896499999997,54.0,0.20000000000000018,Asia
Uzbekistan,2001,24964433,0.597567994,1081,4.3,1,1,1,0,314018.0,0.11322068600000007,13.0,0.0,Asia
Uzbekistan,2003,25567663,1.912595178,963,3.8,1,1,-1,-1,301615.0,0.6575135919999999,-59.0,-0.25,Asia
